[23:51:39.480 *] Crash handler installed
[23:51:40.418 *] Loading config file: /etc/openmw/openmw.cfg
[23:51:40.419 *] Loading config file: /home/s3kshun8/.config/openmw/openmw.cfg
[23:51:40.419 *] Loading config file: /home/s3kshun8/.config/openmw/Morrowind/openmw.cfg
[23:51:40.420 *] Loading config file: /home/s3kshun8/.config/openmw/Morrowind/../Modding/openmw.cfg
[23:51:40.420 *] Loading config file: /home/s3kshun8/.config/openmw/Morrowind/../Modding/../sw0rdsinger/openmw.cfg
[23:51:40.420 *] Loading config file: /home/s3kshun8/.config/openmw/Morrowind/../Modding/../sw0rdsinger/../Mods/DistantSeafloor/openmw.cfg
[23:51:40.421 *] Loading config file: /home/s3kshun8/.config/openmw/Morrowind/../Modding/../sw0rdsinger/../Mods/engineFeatures/openmw.cfg
[23:51:40.421 *] Loading config file: /home/s3kshun8/.config/openmw/Morrowind/../Modding/../sw0rdsinger/../Mods/Dependencies/openmw.cfg
[23:51:40.421 *] Loading config file: /home/s3kshun8/.config/openmw/Morrowind/../Modding/../sw0rdsinger/../Mods/Project Tamriel/openmw.cfg
[23:51:40.421 *] Loading config file: /home/s3kshun8/.config/openmw/Morrowind/../Modding/../sw0rdsinger/../Mods/Performance,Patches,Consistency/openmw.cfg
[23:51:40.421 *] Loading config file: /home/s3kshun8/.config/openmw/Morrowind/../Modding/../sw0rdsinger/../Mods/Weather/openmw.cfg
[23:51:40.421 *] Loading config file: /home/s3kshun8/.config/openmw/Morrowind/../Modding/../sw0rdsinger/../Mods/ObjectsClutter/openmw.cfg
[23:51:40.421 *] Loading config file: /home/s3kshun8/.config/openmw/Morrowind/../Modding/../sw0rdsinger/../Mods/Architecture/openmw.cfg
[23:51:40.421 *] Loading config file: /home/s3kshun8/.config/openmw/Morrowind/../Modding/../sw0rdsinger/../Mods/NPCs/openmw.cfg
[23:51:40.421 *] Loading config file: /home/s3kshun8/.config/openmw/Morrowind/../Modding/../sw0rdsinger/../Mods/Gameplay/openmw.cfg
[23:51:40.421 *] Loading config file: /home/s3kshun8/.config/openmw/Morrowind/../Modding/../sw0rdsinger/../Mods/Leveling/openmw.cfg
[23:51:40.422 *] Loading config file: /home/s3kshun8/.config/openmw/Morrowind/../Modding/../sw0rdsinger/../Mods/Quests/openmw.cfg
[23:51:40.422 *] Loading config file: /home/s3kshun8/.config/openmw/Morrowind/../Modding/../sw0rdsinger/../Mods/Music/openmw.cfg
[23:51:40.422 *] Loading config file: /home/s3kshun8/.config/openmw/Morrowind/../Modding/../sw0rdsinger/../Mods/UserInterface/openmw.cfg
[23:51:40.422 *] Loading config file: /home/s3kshun8/.config/openmw/Morrowind/../Modding/../sw0rdsinger/../Mods/Monochrome/openmw.cfg
[23:51:40.422 *] Loading config file: /home/s3kshun8/.config/openmw/Morrowind/../Modding/../sw0rdsinger/../Mods/PostProcessingShaders/openmw.cfg
[23:51:40.422 *] Loading config file: /home/s3kshun8/.config/openmw/Morrowind/../Modding/../sw0rdsinger/../Mods/Animation/openmw.cfg
[23:51:40.422 *] Loading config file: /home/s3kshun8/.config/openmw/Morrowind/../Modding/../sw0rdsinger/../Mods/VisualEffectsImprovements/openmw.cfg
[23:51:40.422 *] Loading config file: /home/s3kshun8/.config/openmw/Morrowind/../Modding/../sw0rdsinger/../Mods/DifficultyEnhancements/openmw.cfg
[23:51:40.422 *] Loading config file: /home/s3kshun8/.config/openmw/Morrowind/../Modding/../sw0rdsinger/../Mods/DetailDevil/openmw.cfg
[23:51:40.422 *] Loading config file: /home/s3kshun8/.config/openmw/Morrowind/../Modding/../sw0rdsinger/../Mods/Combat/openmw.cfg
[23:51:40.422 *] Loading config file: /home/s3kshun8/.config/openmw/Morrowind/../Modding/../sw0rdsinger/override/openmw.cfg
[23:51:40.423 *] Loading config file: /home/s3kshun8/.config/openmw/Morrowind/../Modding/../sw0rdsinger/settings/openmw.cfg
[23:51:40.425 *] Logs dir: /home/s3kshun8/.config/openmw/Morrowind/../Modding/../sw0rdsinger/settings
[23:51:40.425 *] User data dir: /home/s3kshun8/.config/openmw/Morrowind/../Modding/../sw0rdsinger/../savedData/sw0rdsinger
[23:51:40.425 *] Screenshots dir: /home/s3kshun8/.config/openmw/Morrowind/../Modding/../sw0rdsinger/../savedData/sw0rdsinger/screenshots
[23:51:40.425 I] OpenMW version 0.51.0
[23:51:40.425 I] Revision: ebcdbb152e
[23:51:40.426 I] Loading settings file: /etc/openmw/defaults.bin
[23:51:40.426 I] Loading settings file: /home/s3kshun8/.config/openmw/Morrowind/settings.cfg
[23:51:40.426 I] Loading settings file: /home/s3kshun8/.config/openmw/Morrowind/../Modding/settings.cfg
[23:51:40.426 I] Loading settings file: /home/s3kshun8/.config/openmw/Morrowind/../Modding/../sw0rdsinger/settings.cfg
[23:51:40.426 I] Loading settings file: /home/s3kshun8/.config/openmw/Morrowind/../Modding/../sw0rdsinger/../Mods/engineFeatures/settings.cfg
[23:51:40.426 I] Loading settings file: /home/s3kshun8/.config/openmw/Morrowind/../Modding/../sw0rdsinger/../Mods/UserInterface/settings.cfg
[23:51:40.426 I] Loading settings file: /home/s3kshun8/.config/openmw/Morrowind/../Modding/../sw0rdsinger/../Mods/Monochrome/settings.cfg
[23:51:40.426 I] Loading settings file: /home/s3kshun8/.config/openmw/Morrowind/../Modding/../sw0rdsinger/../Mods/PostProcessingShaders/settings.cfg
[23:51:40.427 I] Loading settings file: /home/s3kshun8/.config/openmw/Morrowind/../Modding/../sw0rdsinger/settings/settings.cfg
[23:51:40.437 I] Using default (English) font encoding.
[23:51:40.437 W] No such dir: /home/s3kshun8/.config/openmw/resources/vfs-mw
[23:51:40.439 E] Resources dir /home/s3kshun8/.config/openmw/resources doesn't match OpenMW binary, the game may work incorrectly.
[23:51:40.440 I] OSG version: 3.6.5
[23:51:40.440 I] SDL version: 2.32.64
[23:51:40.440 I] Loading shader settings file: /home/s3kshun8/.config/openmw/Morrowind/../Modding/../sw0rdsinger/settings/shaders.yaml
[23:51:40.590 I] OpenGL Vendor: NVIDIA Corporation
[23:51:40.590 I] OpenGL Renderer: NVIDIA GeForce RTX 2070 Super/PCIe/SSE2
[23:51:40.590 I] OpenGL Version: 4.6.0 NVIDIA 590.48.01
[23:51:40.590 I] Using reverse-z depth buffer
[23:51:40.593 I] Adding BSA archive /home/s3kshun8/.config/openmw/Morrowind/Data Files/Morrowind.bsa
[23:51:40.599 I] Adding BSA archive /home/s3kshun8/.config/openmw/Morrowind/Data Files/Tribunal.bsa
[23:51:40.602 I] Adding BSA archive /home/s3kshun8/.config/openmw/Morrowind/Data Files/Bloodmoon.bsa
[23:51:40.602 I] Adding data directory /home/s3kshun8/.config/openmw/resources/vfs
[23:51:40.603 I] Adding data directory /usr/share/games/openmw/resources/vfs-mw
[23:51:40.603 I] Adding data directory /home/s3kshun8/.config/openmw/Morrowind/Data Files
[23:51:40.634 I] Adding data directory /home/s3kshun8/.config/openmw/Morrowind/../Modding/../sw0rdsinger/../Mods/DistantSeafloor/00 Core
[23:51:40.634 I] Adding data directory /home/s3kshun8/.config/openmw/Morrowind/../Modding/../sw0rdsinger/../Mods/DistantSeafloor/01 Patch for TOTSP 2.2.2 Solstheim location
[23:51:40.634 I] Adding data directory /home/s3kshun8/.config/openmw/Morrowind/../Modding/../sw0rdsinger/../Mods/DistantSeafloor/01 Patch for vanilla Solstheim location
[23:51:40.634 I] Adding data directory /home/s3kshun8/.config/openmw/Morrowind/../Modding/../sw0rdsinger/../Mods/engineFeatures/WeaponSheathing/Data Files
[23:51:40.634 I] Adding data directory /home/s3kshun8/.config/openmw/Morrowind/../Modding/../sw0rdsinger/../Mods/engineFeatures/GraphicHerbalismMWSEandOpenMWEdition/00 Core + Vanilla Meshes
[23:51:40.635 I] Adding data directory /home/s3kshun8/.config/openmw/Morrowind/../Modding/../sw0rdsinger/../Mods/engineFeatures/GraphicHerbalismMWSEandOpenMWEdition/00 Correct UV Ore + README
[23:51:40.635 I] Adding data directory /home/s3kshun8/.config/openmw/Morrowind/../Modding/../sw0rdsinger/../Mods/engineFeatures/GraphicHerbalismMWSEandOpenMWEdition/01 Optional - Smoothed Meshes
[23:51:40.635 I] Adding data directory /home/s3kshun8/.config/openmw/Morrowind/../Modding/../sw0rdsinger/../Mods/Dependencies/TamrielData/00 Data Files
[23:51:40.733 I] Adding data directory /home/s3kshun8/.config/openmw/Morrowind/../Modding/../sw0rdsinger/../Mods/Dependencies/TamrielData/01 Data Files - Normal Maps
[23:51:40.733 I] Adding data directory /home/s3kshun8/.config/openmw/Morrowind/../Modding/../sw0rdsinger/../Mods/Dependencies/h3lp_yours3lf
[23:51:40.733 I] Adding data directory /home/s3kshun8/.config/openmw/Morrowind/../Modding/../sw0rdsinger/../Mods/Dependencies/StatsWindowExtenderOpenMW
[23:51:40.734 I] Adding data directory /home/s3kshun8/.config/openmw/Morrowind/../Modding/../sw0rdsinger/../Mods/Dependencies/ZModUtils
[23:51:40.734 I] Adding data directory /home/s3kshun8/.config/openmw/Morrowind/../Modding/../sw0rdsinger/../Mods/Dependencies/static_switching_system
[23:51:40.734 I] Adding data directory /home/s3kshun8/.config/openmw/Morrowind/../Modding/../sw0rdsinger/../Mods/Dependencies/tagger
[23:51:40.734 I] Adding data directory /home/s3kshun8/.config/openmw/Morrowind/../Modding/../sw0rdsinger/../Mods/Dependencies/omwse
[23:51:40.734 I] Adding data directory /home/s3kshun8/.config/openmw/Morrowind/../Modding/../sw0rdsinger/../Mods/Dependencies/pr0f1l3r
[23:51:40.734 I] Adding data directory /home/s3kshun8/.config/openmw/Morrowind/../Modding/../sw0rdsinger/../Mods/Project Tamriel/ProjectCyrodiil/00 Core
[23:51:40.734 I] Adding data directory /home/s3kshun8/.config/openmw/Morrowind/../Modding/../sw0rdsinger/../Mods/Project Tamriel/SkyrimHomeOfTheNords/00 Core
[23:51:40.734 I] Adding data directory /home/s3kshun8/.config/openmw/Morrowind/../Modding/../sw0rdsinger/../Mods/Project Tamriel/SkyrimHomeOfTheNords/01 Grass for MGEXE and OpenMW
[23:51:40.734 I] Adding data directory /home/s3kshun8/.config/openmw/Morrowind/../Modding/../sw0rdsinger/../Mods/Project Tamriel/TamrielRebuilt/00 Core
[23:51:40.735 I] Adding data directory /home/s3kshun8/.config/openmw/Morrowind/../Modding/../sw0rdsinger/../Mods/Project Tamriel/TamrielRebuiltIntroductionQuestHelpaKhajiitreachtheCityofGoodPeople
[23:51:40.735 I] Adding data directory /home/s3kshun8/.config/openmw/Morrowind/../Modding/../sw0rdsinger/../Mods/Project Tamriel/Provincial Beginning/00 Core
[23:51:40.735 I] Adding data directory /home/s3kshun8/.config/openmw/Morrowind/../Modding/../sw0rdsinger/../Mods/Project Tamriel/Provincial Beginning/01 HQ Audio For OpenMW
[23:51:40.735 I] Adding data directory /home/s3kshun8/.config/openmw/Morrowind/../Modding/../sw0rdsinger/../Mods/Performance,Patches,Consistency/UnofficialMorrowindOfficialPluginsPatched
[23:51:40.735 I] Adding data directory /home/s3kshun8/.config/openmw/Morrowind/../Modding/../sw0rdsinger/../Mods/Performance,Patches,Consistency/UnofficialMorrowindOfficialPluginsPatched/Compatibility
[23:51:40.735 I] Adding data directory /home/s3kshun8/.config/openmw/Morrowind/../Modding/../sw0rdsinger/../Mods/Performance,Patches,Consistency/PatchforPurists
[23:51:40.735 I] Adding data directory /home/s3kshun8/.config/openmw/Morrowind/../Modding/../sw0rdsinger/../Mods/Performance,Patches,Consistency/MorrowindOptimizationPatch/00 Core
[23:51:40.742 I] Adding data directory /home/s3kshun8/.config/openmw/Morrowind/../Modding/../sw0rdsinger/../Mods/Performance,Patches,Consistency/MorrowindOptimizationPatch/01 Lake Fjalding Anti-Suck
[23:51:40.742 I] Adding data directory /home/s3kshun8/.config/openmw/Morrowind/../Modding/../sw0rdsinger/../Mods/Performance,Patches,Consistency/MorrowindOptimizationPatch/02 Weapon Sheathing Patch
[23:51:40.742 I] Adding data directory /home/s3kshun8/.config/openmw/Morrowind/../Modding/../sw0rdsinger/../Mods/Performance,Patches,Consistency/MorrowindOptimizationPatch/03 Chuzei Fix
[23:51:40.742 I] Adding data directory /home/s3kshun8/.config/openmw/Morrowind/../Modding/../sw0rdsinger/../Mods/Performance,Patches,Consistency/MorrowindOptimizationPatch/04 Better Vanilla Textures
[23:51:40.742 I] Adding data directory /home/s3kshun8/.config/openmw/Morrowind/../Modding/../sw0rdsinger/../Mods/Performance,Patches,Consistency/MorrowindOptimizationPatch/05 Graphic Herbalism Patch
[23:51:40.742 I] Adding data directory /home/s3kshun8/.config/openmw/Morrowind/../Modding/../sw0rdsinger/../Mods/Performance,Patches,Consistency/JammingsOff/Jammings off(v1.1)/ver1.0(only_Xnif_files)/Data Files
[23:51:40.742 I] Adding data directory /home/s3kshun8/.config/openmw/Morrowind/../Modding/../sw0rdsinger/../Mods/Performance,Patches,Consistency/FixedBonelordArms
[23:51:40.742 I] Adding data directory /home/s3kshun8/.config/openmw/Morrowind/../Modding/../sw0rdsinger/../Mods/Performance,Patches,Consistency/DistantFixesLuaEdition
[23:51:40.742 I] Adding data directory /home/s3kshun8/.config/openmw/Morrowind/../Modding/../sw0rdsinger/../Mods/Performance,Patches,Consistency/DistantEbonTowerforOpenMW
[23:51:40.742 I] Adding data directory /home/s3kshun8/.config/openmw/Morrowind/../Modding/../sw0rdsinger/../Mods/Performance,Patches,Consistency/ExpansionDelay
[23:51:40.742 I] Adding data directory /home/s3kshun8/.config/openmw/Morrowind/../Modding/../sw0rdsinger/../Mods/Weather/KirelsInteriorWeather
[23:51:40.743 I] Adding data directory /home/s3kshun8/.config/openmw/Morrowind/../Modding/../sw0rdsinger/../Mods/ObjectsClutter/OpenMWContainersAnimated/Containers Animated
[23:51:40.743 I] Adding data directory /home/s3kshun8/.config/openmw/Morrowind/../Modding/../sw0rdsinger/../Mods/ObjectsClutter/OpenMWContainersAnimated/Optional
[23:51:40.743 I] Adding data directory /home/s3kshun8/.config/openmw/Morrowind/../Modding/../sw0rdsinger/../Mods/Architecture/GlowintheDahrk/00 Core
[23:51:40.743 I] Adding data directory /home/s3kshun8/.config/openmw/Morrowind/../Modding/../sw0rdsinger/../Mods/Architecture/GlowintheDahrk/01 Hi Res Window Texture Replacer
[23:51:40.743 I] Adding data directory /home/s3kshun8/.config/openmw/Morrowind/../Modding/../sw0rdsinger/../Mods/Architecture/GlowintheDahrk/03 Telvanni Dormers on Vvardenfell
[23:51:40.743 I] Adding data directory /home/s3kshun8/.config/openmw/Morrowind/../Modding/../sw0rdsinger/../Mods/Architecture/GlowintheDahrk/04 Raven Rock Glass Windows
[23:51:40.744 I] Adding data directory /home/s3kshun8/.config/openmw/Morrowind/../Modding/../sw0rdsinger/../Mods/Architecture/GlowintheDahrk/07 Telvanni Tower Interior Glow OpenMW
[23:51:40.744 I] Adding data directory /home/s3kshun8/.config/openmw/Morrowind/../Modding/../sw0rdsinger/../Mods/Architecture/MorrowindInteriorsProject
[23:51:40.744 I] Adding data directory /home/s3kshun8/.config/openmw/Morrowind/../Modding/../sw0rdsinger/../Mods/Architecture/MorrowindInteriorsProject/Data Files
[23:51:40.744 I] Adding data directory /home/s3kshun8/.config/openmw/Morrowind/../Modding/../sw0rdsinger/../Mods/Architecture/Nordsshutyourwindows/00 Core
[23:51:40.744 I] Adding data directory /home/s3kshun8/.config/openmw/Morrowind/../Modding/../sw0rdsinger/../Mods/Architecture/Nordsshutyourwindows/05 Purist Sunrays
[23:51:40.744 I] Adding data directory /home/s3kshun8/.config/openmw/Morrowind/../Modding/../sw0rdsinger/../Mods/NPCs/Mackon's Humanoid Heads
[23:51:40.746 I] Adding data directory /home/s3kshun8/.config/openmw/Morrowind/../Modding/../sw0rdsinger/../Mods/NPCs/NewHairsforMacKomsHeads
[23:51:40.746 I] Adding data directory /home/s3kshun8/.config/openmw/Morrowind/../Modding/../sw0rdsinger/../Mods/NPCs/ExpressiveEyesforMacKomsHeads
[23:51:40.747 I] Adding data directory /home/s3kshun8/.config/openmw/Morrowind/../Modding/../sw0rdsinger/../Mods/NPCs/ExpressiveEyesforMacKomsHeads/05 TR Heads Replacer Patch
[23:51:40.748 I] Adding data directory /home/s3kshun8/.config/openmw/Morrowind/../Modding/../sw0rdsinger/../Mods/NPCs/ExpressiveEyesforMacKomsHeads/06 Uviriths Legacy Races Redone Compatibility Patch
[23:51:40.748 I] Adding data directory /home/s3kshun8/.config/openmw/Morrowind/../Modding/../sw0rdsinger/../Mods/NPCs/DandionsFamiliarLooksOpenMWTexturePathFix
[23:51:40.748 I] Adding data directory /home/s3kshun8/.config/openmw/Morrowind/../Modding/../sw0rdsinger/../Mods/NPCs/TRheadsreplacerMacKomsheads
[23:51:40.748 I] Adding data directory /home/s3kshun8/.config/openmw/Morrowind/../Modding/../sw0rdsinger/../Mods/NPCs/TRHeadsandHairreplacerMackomsHeadsandvariouspatches/00 TR and PT Mackom's Heads and Hair
[23:51:40.750 I] Adding data directory /home/s3kshun8/.config/openmw/Morrowind/../Modding/../sw0rdsinger/../Mods/NPCs/TRHeadsandHairreplacerMackomsHeadsandvariouspatches/01 TR Hair Textures Upscaled
[23:51:40.750 I] Adding data directory /home/s3kshun8/.config/openmw/Morrowind/../Modding/../sw0rdsinger/../Mods/NPCs/TRHeadsandHairreplacerMackomsHeadsandvariouspatches/02 TR Argonian Faces Upscaled
[23:51:40.750 I] Adding data directory /home/s3kshun8/.config/openmw/Morrowind/../Modding/../sw0rdsinger/../Mods/NPCs/TRHeadsandHairreplacerMackomsHeadsandvariouspatches/04 OAAB Mackom's Heads and Hair
[23:51:40.750 I] Adding data directory /home/s3kshun8/.config/openmw/Morrowind/../Modding/../sw0rdsinger/../Mods/NPCs/TRHeadsandHairreplacerMackomsHeadsandvariouspatches/05 Sload and Slavers Mackom's Heads and Hair
[23:51:40.750 I] Adding data directory /home/s3kshun8/.config/openmw/Morrowind/../Modding/../sw0rdsinger/../Mods/NPCs/TRHeadsandHairreplacerMackomsHeadsandvariouspatches/07 The Seedy Plates Mackom's Heads and Hair
[23:51:40.750 I] Adding data directory /home/s3kshun8/.config/openmw/Morrowind/../Modding/../sw0rdsinger/../Mods/NPCs/DandionsMackomStlyeFixedNormalsforopenmwandTES3MP
[23:51:40.751 I] Adding data directory /home/s3kshun8/.config/openmw/Morrowind/../Modding/../sw0rdsinger/../Mods/NPCs/MackomsStyleTRPatch
[23:51:40.755 I] Adding data directory /home/s3kshun8/.config/openmw/Morrowind/../Modding/../sw0rdsinger/../Mods/NPCs/MackomsStyleTRPatch/Better Bodies TR and Vanilla
[23:51:40.756 I] Adding data directory /home/s3kshun8/.config/openmw/Morrowind/../Modding/../sw0rdsinger/../Mods/NPCs/MacKomsKhajiit
[23:51:40.756 I] Adding data directory /home/s3kshun8/.config/openmw/Morrowind/../Modding/../sw0rdsinger/../Mods/NPCs/KhajiitHeadPack
[23:51:40.757 I] Adding data directory /home/s3kshun8/.config/openmw/Morrowind/../Modding/../sw0rdsinger/../Mods/NPCs/WhiskersPatchforMMHVersionAllNPCsandBaseReplace
[23:51:40.757 I] Adding data directory /home/s3kshun8/.config/openmw/Morrowind/../Modding/../sw0rdsinger/../Mods/NPCs/NewBeastBodiesCleanVersion
[23:51:40.757 I] Adding data directory /home/s3kshun8/.config/openmw/Morrowind/../Modding/../sw0rdsinger/../Mods/NPCs/VurtsArgoniansRetexture/liztail
[23:51:40.757 I] Adding data directory /home/s3kshun8/.config/openmw/Morrowind/../Modding/../sw0rdsinger/../Mods/NPCs/VurtsArgoniansRetexture/TR
[23:51:40.757 I] Adding data directory /home/s3kshun8/.config/openmw/Morrowind/../Modding/../sw0rdsinger/../Mods/Gameplay/friendlyAutosave
[23:51:40.757 I] Adding data directory /home/s3kshun8/.config/openmw/Morrowind/../Modding/../sw0rdsinger/../Mods/Gameplay/PauseControl
[23:51:40.757 I] Adding data directory /home/s3kshun8/.config/openmw/Morrowind/../Modding/../sw0rdsinger/../Mods/Gameplay/OblivionLockpicking
[23:51:40.757 I] Adding data directory /home/s3kshun8/.config/openmw/Morrowind/../Modding/../sw0rdsinger/../Mods/Gameplay/dynamic actors
[23:51:40.758 I] Adding data directory /home/s3kshun8/.config/openmw/Morrowind/../Modding/../sw0rdsinger/../Mods/Gameplay/freshLoot/00 Core
[23:51:40.758 I] Adding data directory /home/s3kshun8/.config/openmw/Morrowind/../Modding/../sw0rdsinger/../Mods/Gameplay/animatedPickupAndShopAround
[23:51:40.758 I] Adding data directory /home/s3kshun8/.config/openmw/Morrowind/../Modding/../sw0rdsinger/../Mods/Gameplay/hawk3ye
[23:51:40.758 I] Adding data directory /home/s3kshun8/.config/openmw/Morrowind/../Modding/../sw0rdsinger/../Mods/Gameplay/GRIP
[23:51:40.758 I] Adding data directory /home/s3kshun8/.config/openmw/Morrowind/../Modding/../sw0rdsinger/../Mods/Gameplay/t4rg3t5
[23:51:40.758 I] Adding data directory /home/s3kshun8/.config/openmw/Morrowind/../Modding/../sw0rdsinger/../Mods/Gameplay/Dead Mer Tell No Tales
[23:51:40.758 I] Adding data directory /home/s3kshun8/.config/openmw/Morrowind/../Modding/../sw0rdsinger/../Mods/Gameplay/Brute Force
[23:51:40.759 I] Adding data directory /home/s3kshun8/.config/openmw/Morrowind/../Modding/../sw0rdsinger/../Mods/Gameplay/visual_soulgems
[23:51:40.759 I] Adding data directory /home/s3kshun8/.config/openmw/Morrowind/../Modding/../sw0rdsinger/../Mods/Leveling/OblivionLeveling
[23:51:40.759 I] Adding data directory /home/s3kshun8/.config/openmw/Morrowind/../Modding/../sw0rdsinger/../Mods/Leveling/SkillEvolution/00 Core
[23:51:40.759 I] Adding data directory /home/s3kshun8/.config/openmw/Morrowind/../Modding/../sw0rdsinger/../Mods/Quests/AFFresh
[23:51:40.759 I] Adding data directory /home/s3kshun8/.config/openmw/Morrowind/../Modding/../sw0rdsinger/../Mods/Quests/WilhelmoftheAedra
[23:51:40.759 I] Adding data directory /home/s3kshun8/.config/openmw/Morrowind/../Modding/../sw0rdsinger/../Mods/Music/S3maphoreOpenMWMusicManagementfromtheFuture/00 Core
[23:51:40.759 I] Adding data directory /home/s3kshun8/.config/openmw/Morrowind/../Modding/../sw0rdsinger/../Mods/Music/S3maphoreOpenMWMusicManagementfromtheFuture/01 Tamriel Rebuilt Playlists
[23:51:40.760 I] Adding data directory /home/s3kshun8/.config/openmw/Morrowind/../Modding/../sw0rdsinger/../Mods/Music/S3maphoreOpenMWMusicManagementfromtheFuture/02 Project Cyrodiil Playlists
[23:51:40.760 I] Adding data directory /home/s3kshun8/.config/openmw/Morrowind/../Modding/../sw0rdsinger/../Mods/Music/S3maphoreOpenMWMusicManagementfromtheFuture/03 Muse Expansion Playlists
[23:51:40.761 I] Adding data directory /home/s3kshun8/.config/openmw/Morrowind/../Modding/../sw0rdsinger/../Mods/Music/S3maphoreOpenMWMusicManagementfromtheFuture/05 Secrets of the Crystal City
[23:51:40.761 I] Adding data directory /home/s3kshun8/.config/openmw/Morrowind/../Modding/../sw0rdsinger/../Mods/Music/S3maphoreOpenMWMusicManagementfromtheFuture/06 Songbook of the North
[23:51:40.761 I] Adding data directory /home/s3kshun8/.config/openmw/Morrowind/../Modding/../sw0rdsinger/../Mods/Music/S3maphoreOpenMWMusicManagementfromtheFuture/10 Inns and Taverns
[23:51:40.761 I] Adding data directory /home/s3kshun8/.config/openmw/Morrowind/../Modding/../sw0rdsinger/../Mods/Music/ProjectCyrodiilMusicAnvilandSutch/00 Core
[23:51:40.761 I] Adding data directory /home/s3kshun8/.config/openmw/Morrowind/../Modding/../sw0rdsinger/../Mods/Music/TamrielRebuiltOriginalSoundtrack/00 core
[23:51:40.762 I] Adding data directory /home/s3kshun8/.config/openmw/Morrowind/../Modding/../sw0rdsinger/../Mods/Music/CaptainCreepy/00 CORE
[23:51:40.762 I] Adding data directory /home/s3kshun8/.config/openmw/Morrowind/../Modding/../sw0rdsinger/../Mods/Music/CaptainCreepy/01 TAVERNS
[23:51:40.762 I] Adding data directory /home/s3kshun8/.config/openmw/Morrowind/../Modding/../sw0rdsinger/../Mods/Music/Morrow Winds
[23:51:40.763 I] Adding data directory /home/s3kshun8/.config/openmw/Morrowind/../Modding/../sw0rdsinger/../Mods/Music/MUSE Expansion - Telvanni
[23:51:40.763 I] Adding data directory /home/s3kshun8/.config/openmw/Morrowind/../Modding/../sw0rdsinger/../Mods/Music/MUSE Expansion - Empire
[23:51:40.763 I] Adding data directory /home/s3kshun8/.config/openmw/Morrowind/../Modding/../sw0rdsinger/../Mods/Music/MUSE Expansion - Tomb (GOTY)
[23:51:40.763 I] Adding data directory /home/s3kshun8/.config/openmw/Morrowind/../Modding/../sw0rdsinger/../Mods/Music/MUSE Expansion - Hlaalu
[23:51:40.763 I] Adding data directory /home/s3kshun8/.config/openmw/Morrowind/../Modding/../sw0rdsinger/../Mods/Music/MUSE Expansion - Ashlander
[23:51:40.763 I] Adding data directory /home/s3kshun8/.config/openmw/Morrowind/../Modding/../sw0rdsinger/../Mods/Music/MUSE Expansion - Redoran
[23:51:40.763 I] Adding data directory /home/s3kshun8/.config/openmw/Morrowind/../Modding/../sw0rdsinger/../Mods/Music/MUSEEXPANSIONsixthhouse
[23:51:40.764 I] Adding data directory /home/s3kshun8/.config/openmw/Morrowind/../Modding/../sw0rdsinger/../Mods/Music/MUSE Expansion - Daedric
[23:51:40.764 I] Adding data directory /home/s3kshun8/.config/openmw/Morrowind/../Modding/../sw0rdsinger/../Mods/Music/MUSE Expansion - Dwemer (Vanilla - Tribunal)
[23:51:40.764 I] Adding data directory /home/s3kshun8/.config/openmw/Morrowind/../Modding/../sw0rdsinger/../Mods/UserInterface/VanillaStyleHDIconsforAttributesandSkills
[23:51:40.764 I] Adding data directory /home/s3kshun8/.config/openmw/Morrowind/../Modding/../sw0rdsinger/../Mods/UserInterface/LoadingScreensDiversified/00 Core
[23:51:40.764 I] Adding data directory /home/s3kshun8/.config/openmw/Morrowind/../Modding/../sw0rdsinger/../Mods/UserInterface/AlternativeTrueTypeFonts
[23:51:40.764 I] Adding data directory /home/s3kshun8/.config/openmw/Morrowind/../Modding/../sw0rdsinger/../Mods/UserInterface/BigIcons/07 8X Textured
[23:51:40.765 I] Adding data directory /home/s3kshun8/.config/openmw/Morrowind/../Modding/../sw0rdsinger/../Mods/UserInterface/LoadingScreensDiversified/03 Main Menu Replacer
[23:51:40.765 I] Adding data directory /home/s3kshun8/.config/openmw/Morrowind/../Modding/../sw0rdsinger/../Mods/UserInterface/CantonsontheGlobalMap
[23:51:40.765 I] Adding data directory /home/s3kshun8/.config/openmw/Morrowind/../Modding/../sw0rdsinger/../Mods/UserInterface/GonzosSplashScreens/00 Core
[23:51:40.765 I] Adding data directory /home/s3kshun8/.config/openmw/Morrowind/../Modding/../sw0rdsinger/../Mods/UserInterface/GonzosSplashScreens/01 Monopteryx Addon
[23:51:40.765 I] Adding data directory /home/s3kshun8/.config/openmw/Morrowind/../Modding/../sw0rdsinger/../Mods/UserInterface/GonzosSplashScreens/02 Wagner Map Addon
[23:51:40.765 I] Adding data directory /home/s3kshun8/.config/openmw/Morrowind/../Modding/../sw0rdsinger/../Mods/UserInterface/OpenMWSkyrimStyleQuestNotifications
[23:51:40.765 I] Adding data directory /home/s3kshun8/.config/openmw/Morrowind/../Modding/../sw0rdsinger/../Mods/UserInterface/SkyrimStyleQuestNotificationsLegendaryEdition
[23:51:40.766 I] Adding data directory /home/s3kshun8/.config/openmw/Morrowind/../Modding/../sw0rdsinger/../Mods/UserInterface/SkyrimStyleQuestNotificationsGreatPatchHub
[23:51:40.768 I] Adding data directory /home/s3kshun8/.config/openmw/Morrowind/../Modding/../sw0rdsinger/../Mods/UserInterface/ZerkishHotkeysImproved
[23:51:40.768 I] Adding data directory /home/s3kshun8/.config/openmw/Morrowind/../Modding/../sw0rdsinger/../Mods/UserInterface/QuestMenu
[23:51:40.768 I] Adding data directory /home/s3kshun8/.config/openmw/Morrowind/../Modding/../sw0rdsinger/../Mods/Monochrome/monochromeUserInterface
[23:51:40.768 I] Adding data directory /home/s3kshun8/.config/openmw/Morrowind/../Modding/../sw0rdsinger/../Mods/Monochrome/monochromeUISupplement/00 Textures
[23:51:40.769 I] Adding data directory /home/s3kshun8/.config/openmw/Morrowind/../Modding/../sw0rdsinger/../Mods/Monochrome/birr
[23:51:40.769 I] Adding data directory /home/s3kshun8/.config/openmw/Morrowind/../Modding/../sw0rdsinger/../Mods/PostProcessingShaders/MOMWPostProcessingPack/01 XE-Shaders
[23:51:40.769 I] Adding data directory /home/s3kshun8/.config/openmw/Morrowind/../Modding/../sw0rdsinger/../Mods/PostProcessingShaders/MOMWPostProcessingPack/02 OMWFX-Shaders
[23:51:40.769 I] Adding data directory /home/s3kshun8/.config/openmw/Morrowind/../Modding/../sw0rdsinger/../Mods/PostProcessingShaders/MOMWPostProcessingPack/03 ZesterersVolumetricClouds
[23:51:40.769 I] Adding data directory /home/s3kshun8/.config/openmw/Morrowind/../Modding/../sw0rdsinger/../Mods/PostProcessingShaders/MOMWPostProcessingPack/04 WareyaOpenMWShaders
[23:51:40.769 I] Adding data directory /home/s3kshun8/.config/openmw/Morrowind/../Modding/../sw0rdsinger/../Mods/PostProcessingShaders/MOMWPostProcessingPack/05 EpochPostProcessShaders
[23:51:40.770 I] Adding data directory /home/s3kshun8/.config/openmw/Morrowind/../Modding/../sw0rdsinger/../Mods/PostProcessingShaders/MOMWPostProcessingPack/06 EpochReshadePorts
[23:51:40.770 I] Adding data directory /home/s3kshun8/.config/openmw/Morrowind/../Modding/../sw0rdsinger/../Mods/PostProcessingShaders/MOMWPostProcessingPack/07 ZesterersSSAO
[23:51:40.770 I] Adding data directory /home/s3kshun8/.config/openmw/Morrowind/../Modding/../sw0rdsinger/../Mods/Animation/Simply Walking (WS Edition)
[23:51:40.770 I] Adding data directory /home/s3kshun8/.config/openmw/Morrowind/../Modding/../sw0rdsinger/../Mods/VisualEffectsImprovements/openmwImpactEffects
[23:51:40.771 I] Adding data directory /home/s3kshun8/.config/openmw/Morrowind/../Modding/../sw0rdsinger/../Mods/VisualEffectsImprovements/dynamicCamera
[23:51:40.771 I] Adding data directory /home/s3kshun8/.config/openmw/Morrowind/../Modding/../sw0rdsinger/../Mods/VisualEffectsImprovements/Magic Diversity
[23:51:40.772 I] Adding data directory /home/s3kshun8/.config/openmw/Morrowind/../Modding/../sw0rdsinger/../Mods/VisualEffectsImprovements/NoShieldSparkle
[23:51:40.772 I] Adding data directory /home/s3kshun8/.config/openmw/Morrowind/../Modding/../sw0rdsinger/../Mods/DifficultyEnhancements/BMS/00 Core
[23:51:40.772 I] Adding data directory /home/s3kshun8/.config/openmw/Morrowind/../Modding/../sw0rdsinger/../Mods/DifficultyEnhancements/HBFS/00 Core
[23:51:40.772 I] Adding data directory /home/s3kshun8/.config/openmw/Morrowind/../Modding/../sw0rdsinger/../Mods/DifficultyEnhancements/HBFS/01 GMST
[23:51:40.772 I] Adding data directory /home/s3kshun8/.config/openmw/Morrowind/../Modding/../sw0rdsinger/../Mods/DifficultyEnhancements/Fair Care/00 Core
[23:51:40.772 I] Adding data directory /home/s3kshun8/.config/openmw/Morrowind/../Modding/../sw0rdsinger/../Mods/DifficultyEnhancements/Take Cover/00 Core
[23:51:40.773 I] Adding data directory /home/s3kshun8/.config/openmw/Morrowind/../Modding/../sw0rdsinger/../Mods/DetailDevil/Devilish Skooma Overhaul
[23:51:40.773 I] Adding data directory /home/s3kshun8/.config/openmw/Morrowind/../Modding/../sw0rdsinger/../Mods/DetailDevil/Devilish Magic Mushrooms
[23:51:40.773 I] Adding data directory /home/s3kshun8/.config/openmw/Morrowind/../Modding/../sw0rdsinger/../Mods/DetailDevil/Devilish Alcohol
[23:51:40.773 I] Adding data directory /home/s3kshun8/.config/openmw/Morrowind/../Modding/../sw0rdsinger/../Mods/DetailDevil/Devilish Shrink Spell
[23:51:40.774 I] Adding data directory /home/s3kshun8/.config/openmw/Morrowind/../Modding/../sw0rdsinger/../Mods/Combat/chim_2090
[23:51:40.774 I] Adding data directory /home/s3kshun8/.config/openmw/Morrowind/../Modding/../sw0rdsinger/override/.
[23:51:40.846 I] Preferred locales: gmst en
[23:51:40.846 I] Initializing LuaUtil::LuaState without profiler
[23:51:40.846 I] Lua version: Lua 5.1.4 (LuaJIT 2.1.1773225703)
[23:51:40.846 I] Loading keybindings file: /home/s3kshun8/.config/openmw/Morrowind/../Modding/../sw0rdsinger/settings/input_v3.xml
[23:51:40.847 I] Loading TrueType font file fonts/pelagiad.omwfont
[23:51:40.856 I] Loading TrueType font file fonts/omwayembedt.omwfont
[23:51:40.859 I] Loading TrueType font file fonts/dejavulgcsansmono.omwfont
[23:51:40.873 I] Initializing OpenAL...
[23:51:40.881 I] Opened "JLab Studio"
[23:51:40.881 I]   ALC Version: 1.1
[23:51:40.881 I]   ALC Extensions: ALC_ENUMERATE_ALL_EXT ALC_ENUMERATION_EXT ALC_EXT_CAPTURE ALC_EXT_debug ALC_EXT_DEDICATED ALC_EXT_direct_context ALC_EXT_disconnect ALC_EXT_EFX ALC_EXT_thread_local_context ALC_SOFT_device_clock ALC_SOFT_HRTF ALC_SOFT_loopback ALC_SOFT_loopback_bformat ALC_SOFT_output_limiter ALC_SOFT_output_mode ALC_SOFT_pause_device ALC_SOFT_reopen_device ALC_SOFT_system_events
[23:51:40.888 I]   Vendor: OpenAL Community
[23:51:40.888 I]   Renderer: OpenAL Soft
[23:51:40.888 I]   Version: 1.1 ALSOFT 1.25.1
[23:51:40.888 I]   Extensions: AL_EXT_ALAW AL_EXT_BFORMAT AL_EXT_debug AL_EXT_direct_context AL_EXT_DOUBLE AL_EXT_EXPONENT_DISTANCE AL_EXT_FLOAT32 AL_EXT_IMA4 AL_EXT_LINEAR_DISTANCE AL_EXT_MCFORMATS AL_EXT_MULAW AL_EXT_MULAW_BFORMAT AL_EXT_MULAW_MCFORMATS AL_EXT_OFFSET AL_EXT_source_distance_model AL_EXT_SOURCE_RADIUS AL_EXT_STATIC_BUFFER AL_EXT_STEREO_ANGLES AL_LOKI_quadriphonic AL_SOFT_bformat_ex AL_SOFT_bformat_hoa AL_SOFT_block_alignment AL_SOFT_buffer_length_query AL_SOFT_callback_buffer AL_SOFTX_convolution_effect AL_SOFT_deferred_updates AL_SOFT_direct_channels AL_SOFT_direct_channels_remix AL_SOFT_effect_target AL_SOFT_events AL_SOFT_gain_clamp_ex AL_SOFTX_hold_on_disconnect AL_SOFT_loop_points AL_SOFTX_map_buffer AL_SOFT_MSADPCM AL_SOFT_source_latency AL_SOFT_source_length AL_SOFTX_source_panning AL_SOFT_source_resampler AL_SOFT_source_spatialize AL_SOFT_source_start_delay AL_SOFT_UHJ AL_SOFT_UHJ_ex
[23:51:40.888 I] HRTF disabled
[23:51:40.888 V] Using idle priority for thread=140119205996224
[23:51:40.889 I] Allocated 256 sound sources
[23:51:40.889 I] Low-pass filter supported
[23:51:40.889 I] EAX Reverb supported
[23:51:40.889 I] Enumerated output devices:
[23:51:40.889 I]   JLab Studio  Yeti Stereo Microphone Analog Stereo  Built-in Audio Analog Stereo
[23:51:40.889 I] Enumerated HRTF names:
[23:51:40.889 I]   Default HRTF  Built-In HRTF
[23:51:40.895 I] Loading Lua storage "/home/s3kshun8/.config/openmw/Morrowind/../Modding/../sw0rdsinger/settings/global_storage.bin" (2968635 bytes)
[23:51:40.998 I] Loading Lua storage "/home/s3kshun8/.config/openmw/Morrowind/../Modding/../sw0rdsinger/settings/player_storage.bin" (605383 bytes)
[23:51:41.038 I] Loading content file builtin.omwscripts
[23:51:41.040 I] Loading content file Morrowind.esm
[23:51:41.190 I] Loading content file Tribunal.esm
[23:51:41.210 I] Loading content file distant_seafloor_2.00.esm
[23:51:41.238 I] Loading content file Bloodmoon.esm
[23:51:41.270 I] Loading content file distant seafloor bloodmoon patch.esp
[23:51:41.271 I] Loading content file correctUV Ore Replacer_respawning.esp
[23:51:41.271 I] Loading content file correctUV Ore Replacer_fixed.esp
[23:51:41.271 I] Loading content file Tamriel_Data.esm
[23:51:41.364 I] Loading content file H3lp Yours3lf.esp
[23:51:41.365 I] Loading content file StatsWindow.ESP
[23:51:41.365 I] Loading content file StatsWindow.omwscripts
[23:51:41.365 I] Loading content file ZModUtils.omwscripts
[23:51:41.365 I] Loading content file Static Switching System.esp
[23:51:41.365 I] Loading content file ModTags.omwscripts
[23:51:41.365 I] Loading content file Pr0f1l3r.esp
[23:51:41.365 I] Loading content file Cyr_Main.esm
[23:51:41.438 I] Loading content file Sky_Main.esm
[23:51:41.483 I] Loading content file TR_Mainland.esm
[23:51:41.893 I] Loading content file TR_Dra-VashaI-V2.esp
[23:51:41.893 I] Loading content file provincial-beginning-anvil.esp
[23:51:41.894 I] Loading content file provincial-beginning-anvil.omwscripts
[23:51:41.894 I] Loading content file adamantiumarmor.esp
[23:51:41.894 I] Loading content file AreaEffectArrows.esp
[23:51:41.894 I] Loading content file bcsounds.esp
[23:51:41.894 I] Loading content file EBQ_Artifact.esp
[23:51:41.894 I] Loading content file entertainers.esp
[23:51:41.895 I] Loading content file LeFemmArmor.esp
[23:51:41.895 I] Loading content file master_index.esp
[23:51:41.896 I] Loading content file Siege at Firemoth.esp
[23:51:41.897 I] Loading content file Patch for Purists.esm
[23:51:41.915 I] Loading content file Patch for Purists - Semi-Purist Fixes.ESP
[23:51:41.915 I] Loading content file Patch for Purists - Book Typos.ESP
[23:51:41.918 I] Loading content file Lake Fjalding Anti-Suck.ESP
[23:51:41.918 I] Loading content file distant-fixes-lua-edition.omwscripts
[23:51:41.918 I] Loading content file DistantEbonTower.ESP
[23:51:41.918 I] Loading content file Expansion Delay.ESP
[23:51:41.918 I] Loading content file k_weather.esp
[23:51:41.918 I] Loading content file Containers Animated.esp
[23:51:41.918 I] Loading content file GITD_Telvanni_Dormers.ESP
[23:51:41.919 I] Loading content file GITD_WL_RR_Interiors.esp
[23:51:41.919 I] Loading content file MorrowindInteriorsProject_Bloodmoon.ESP
[23:51:41.919 I] Loading content file MorrowindInteriorsProject.ESP
[23:51:41.920 I] Loading content file Hag Hair for MacKom.ESP
[23:51:41.920 I] Loading content file Familiar  Looks - Unique Characters MacKom-ed.esp
[23:51:41.920 I] Loading content file Better Bodies TR.ESP
[23:51:41.921 I] Loading content file MK_Khajiit.esp
[23:51:41.921 I] Loading content file Khajiit-BaseReplace.ESP
[23:51:41.921 I] Loading content file Khajiit-NPCPlayable.ESP
[23:51:41.922 I] Loading content file New Argonian Bodies - Clean.esp
[23:51:41.922 I] Loading content file New Khajiit Bodies - Clean.esp
[23:51:41.922 I] Loading content file friendly-autosave.omwscripts
[23:51:41.922 I] Loading content file pause-control.omwscripts
[23:51:41.922 I] Loading content file OblivionLockpicking.omwscripts
[23:51:41.922 I] Loading content file Dynamic Actors.omwscripts
[23:51:41.922 I] Loading content file Animated Pickup + StS.omwscripts
[23:51:41.922 I] Loading content file Hawk3ye.esp
[23:51:41.922 I] Loading content file GRIP.omwscripts
[23:51:41.923 I] Loading content file T4rg3t5.esp
[23:51:41.923 I] Loading content file DeadMerTellNoTales.omwscripts
[23:51:41.923 I] Loading content file OMSI-Spectral Shift.ESP
[23:51:41.925 I] Loading content file OblivionRemasterLikeLeveling.omwaddon
[23:51:41.925 I] Loading content file OblivionRemasterLikeLeveling.omwscripts
[23:51:41.925 I] Loading content file skill-evolution.omwaddon
[23:51:41.925 I] Loading content file skill-evolution.omwscripts
[23:51:41.925 I] Loading content file AFFresh.esm
[23:51:41.930 I] Loading content file AFFA_Wilhelm.ESP
[23:51:41.931 I] Loading content file S3maphore.esp
[23:51:41.931 I] Loading content file Cantons_on_the_Global_Map_v1.1.esp
[23:51:41.931 I] Loading content file SSQN.omwscripts
[23:51:41.931 I] Loading content file ZerkishHotkeysImproved.omwscripts
[23:51:41.931 I] Loading content file questmenu.omwscripts
[23:51:41.931 I] Loading content file Impact Effects.omwscripts
[23:51:41.931 I] Loading content file DynamicCamera.omwscripts
[23:51:41.931 I] Loading content file Magic Diversity 1.0.ESP
[23:51:41.932 I] Loading content file bms.omwscripts
[23:51:41.932 I] Loading content file Develish Skooma Overhaul.ESP
[23:51:41.932 I] Loading content file Develish Skooma Overhaul.omwscripts
[23:51:41.932 I] Loading content file Devilish Magic Mushrooms.ESP
[23:51:41.932 I] Loading content file Devilish Magic Mushrooms.omwscripts
[23:51:41.932 I] Loading content file Devilish Alcohol Overhaul.ESP
[23:51:41.933 I] Loading content file Devilish Alcohol Overhaul.omwscripts
[23:51:41.933 I] Loading content file Devilish Shrink Spell.ESP
[23:51:41.933 I] Loading content file Devilish Shrink Spell.omwscripts
[23:51:41.933 I] Loading content file CHIM2090.esp
[23:51:41.933 I] Loading content file Merged Objects.esp
[23:51:41.933 I] Loading content file S3LightFixes.omwaddon
[23:51:41.936 V] Lua scripts configuration (129 scripts):
[23:51:41.936 V] #0 MENU PLAYER : scripts/omw/mwui/init.lua
[23:51:41.936 V] #1 MENU : scripts/omw/settings/menu.lua
[23:51:41.936 V] #2 PLAYER : scripts/omw/settings/player.lua
[23:51:41.937 V] #3 GLOBAL : scripts/omw/settings/global.lua
[23:51:41.937 V] #4 GLOBAL : scripts/omw/activationhandlers.lua
[23:51:41.937 V] #5 GLOBAL : scripts/omw/usehandlers.lua
[23:51:41.937 V] #6 GLOBAL : scripts/omw/worldeventhandlers.lua
[23:51:41.937 V] #7 GLOBAL : scripts/omw/crimes.lua
[23:51:41.937 V] #8 PLAYER CREATURE NPC : scripts/omw/mechanics/animationcontroller.lua
[23:51:41.937 V] #9 PLAYER : scripts/omw/skillhandlers.lua
[23:51:41.937 V] #10 PLAYER : scripts/omw/mechanics/playercontroller.lua
[23:51:41.937 V] #11 MENU : scripts/omw/camera/settings.lua
[23:51:41.937 V] #12 MENU : scripts/omw/input/settings.lua
[23:51:41.937 V] #13 PLAYER : scripts/omw/input/playercontrols.lua
[23:51:41.937 V] #14 PLAYER : scripts/omw/camera/camera.lua
[23:51:41.937 V] #15 PLAYER : scripts/omw/input/actionbindings.lua
[23:51:41.937 V] #16 PLAYER : scripts/omw/input/smoothmovement.lua
[23:51:41.937 V] #17 PLAYER : scripts/omw/input/gamepadcontrols.lua
[23:51:41.937 V] #18 NPC CREATURE : scripts/omw/ai.lua
[23:51:41.937 V] #19 GLOBAL : scripts/omw/mechanics/globalcontroller.lua
[23:51:41.937 V] #20 PLAYER CREATURE NPC : scripts/omw/mechanics/actorcontroller.lua
[23:51:41.937 V] #21 PLAYER NPC CREATURE : scripts/omw/combat/interface.lua
[23:51:41.937 V] #22 PLAYER : scripts/omw/ui.lua
[23:51:41.937 V] #23 MENU : scripts/omw/console/menu.lua
[23:51:41.937 V] #24 PLAYER : scripts/omw/console/player.lua
[23:51:41.937 V] #25 GLOBAL : scripts/omw/console/global.lua
[23:51:41.937 V] #26 CUSTOM : scripts/omw/console/local.lua
[23:51:41.937 V] #27 NPC CREATURE : scripts/omw/music/actor.lua
[23:51:41.937 V] #28 GLOBAL : scripts/omw/cellhandlers.lua
[23:51:41.937 V] #29 GLOBAL : scripts/omw/combat/global.lua
[23:51:41.937 V] #30 MENU : scripts/omw/combat/menu.lua
[23:51:41.937 V] #31 PLAYER NPC CREATURE : scripts/omw/combat/local.lua
[23:51:41.937 V] #32 PLAYER : scripts/omw/music/music.lua
[23:51:41.937 V] #33 MENU : scripts/omw/music/settings.lua
[23:51:41.937 V] #34 PLAYER : scripts/omw/playerskillhandlers.lua
[23:51:41.937 V] #35 LOAD : scripts/omw/esmfallbacks.lua
[23:51:41.937 V] #36 PLAYER NPC CREATURE CONTAINER BOOK ACTIVATOR POTION ARMOR WEAPON CLOTHING DOOR INGREDIENT LIGHT MISC_ITEM APPARATUS LOCKPICK PROBE REPAIR : scripts/s3/lf.lua
[23:51:41.937 V] #37 PLAYER NPC CREATURE CONTAINER BOOK ACTIVATOR POTION ARMOR WEAPON CLOTHING DOOR INGREDIENT LIGHT MISC_ITEM APPARATUS LOCKPICK PROBE REPAIR : scripts/s3/protectedtable.lua
[23:51:41.937 V] #38 MENU : scripts/s3/renderers.lua
[23:51:41.937 V] #39 PLAYER NPC CREATURE CONTAINER BOOK ACTIVATOR POTION ARMOR WEAPON CLOTHING DOOR INGREDIENT LIGHT MISC_ITEM APPARATUS LOCKPICK PROBE REPAIR : scripts/s3/randomgen.lua
[23:51:41.937 V] #40 PLAYER : scripts/s3/camhelper.lua
[23:51:41.937 V] #41 PLAYER : scripts/s3/imageatlas.lua
[23:51:41.937 V] #42 PLAYER : scripts/statswindow/api.lua
[23:51:41.937 V] #43 PLAYER : scripts/statswindow/player.lua
[23:51:41.937 V] #44 GLOBAL : scripts/statswindow/global.lua
[23:51:41.937 V] #45 MENU : scripts/statswindow/settings/player.lua
[23:51:41.937 V] #46 PLAYER : scripts/statswindow/td_rep.lua
[23:51:41.937 V] #47 PLAYER : scripts/statswindow/td_factions.lua
[23:51:41.937 V] #48 MENU : scripts/staticswitcher/menu.lua
[23:51:41.937 V] #49 GLOBAL : scripts/staticswitcher/global.lua
[23:51:41.937 V] #50 GLOBAL : scripts/s3/modtags/global.lua
[23:51:41.937 V] #51 PLAYER NPC CREATURE ARMOR WEAPON CLOTHING BOOK ACTIVATOR CONTAINER DOOR INGREDIENT LIGHT MISC_ITEM POTION APPARATUS LOCKPICK PROBE REPAIR : scripts/s3/modtags/local.lua
[23:51:41.937 V] #52 PLAYER : scripts/s3/pr0f1l3r.lua
[23:51:41.937 V] #53 GLOBAL : scripts/provincial-beginning/global.lua
[23:51:41.937 V] #54 PLAYER : scripts/provincial-beginning/player.lua
[23:51:41.937 V] #55 GLOBAL : scripts/distant-fixes/global.lua
[23:51:41.937 V] #56 PLAYER : scripts/distant-fixes/player.lua
[23:51:41.937 V] #57 PLAYER : scripts/friendly-autosave/player.lua
[23:51:41.937 V] #58 MENU : scripts/friendly-autosave/menu.lua
[23:51:41.937 V] #59 GLOBAL : scripts/friendly-autosave/global.lua
[23:51:41.937 V] #60 GLOBAL : scripts/pause-control/global.lua
[23:51:41.937 V] #61 PLAYER : scripts/pause-control/player.lua
[23:51:41.937 V] #62 CUSTOM : scripts/pause-control/actor.lua
[23:51:41.937 V] #63 PLAYER : scripts/oblivionlockpicking/player.lua
[23:51:41.937 V] #64 GLOBAL : scripts/oblivionlockpicking/global.lua
[23:51:41.937 V] #65 MENU : scripts/oblivionlockpicking/settings/player.lua
[23:51:41.937 V] #66 GLOBAL : scripts/oblivionlockpicking/settings/global.lua
[23:51:41.937 V] #67 GLOBAL : scripts/dynamicactors/global.lua
[23:51:41.937 V] #68 MENU : scripts/dynamicactors/menusettings.lua
[23:51:41.937 V] #69 PLAYER : scripts/dynamicactors/player.lua
[23:51:41.937 V] #70 CUSTOM : scripts/dynamicactors/npcdialog.lua
[23:51:41.937 V] #71 CUSTOM : scripts/dynamicactors/npcdialogai.lua
[23:51:41.937 V] #72 GLOBAL : scripts/animatedpickup/global.lua
[23:51:41.937 V] #73 PLAYER : scripts/animatedpickup/player.lua
[23:51:41.937 V] #74 PLAYER : scripts/s3/hawk3ye/hawk3yeplayer.lua
[23:51:41.937 V] #75 MENU : scripts/s3/hawk3ye/hawk3yemenu.lua
[23:51:41.937 V] #76 MENU : scripts/ohs_toggle/menu.lua
[23:51:41.937 V] #77 GLOBAL : scripts/ohs_toggle/global.lua
[23:51:41.937 V] #78 PLAYER : scripts/ohs_toggle/player.lua
[23:51:41.937 V] #79 MENU : scripts/s3/target/settings/page.lua
[23:51:41.937 V] #80 GLOBAL : scripts/s3/target/settings/options.lua
[23:51:41.937 V] #81 NPC CREATURE : scripts/s3/target/onhit.lua
[23:51:41.937 V] #82 PLAYER : scripts/s3/target/lockonmanager.lua
[23:51:41.937 V] #83 NPC CREATURE : scripts/deadmertellnotales/actor.lua
[23:51:41.937 V] #84 GLOBAL : scripts/deadmertellnotales/global.lua
[23:51:41.937 V] #85 MENU : scripts/deadmertellnotales/settingsmenu.lua
[23:51:41.937 V] #86 GLOBAL : scripts/deadmertellnotales/settingsglobal.lua
[23:51:41.937 V] #87 MENU : scripts/s3/vsg/menu.lua
[23:51:41.937 V] #88 GLOBAL : scripts/s3/vsg/global.lua
[23:51:41.937 V] #89 MENU : scripts/oblivionremasterlikeleveling/settings.lua
[23:51:41.937 V] #90 PLAYER : scripts/oblivionremasterlikeleveling/player.lua
[23:51:41.937 V] #91 MENU : scripts/skill-evolution/ui/renderers.lua
[23:51:41.937 V] #92 GLOBAL : scripts/skill-evolution/global.lua
[23:51:41.937 V] #93 PLAYER : scripts/skill-evolution/player.lua
[23:51:41.938 V] #94 NPC CREATURE : scripts/skill-evolution/actor.lua
[23:51:41.938 V] #95 PLAYER : scripts/s3/music/core.lua
[23:51:41.938 V] #96 GLOBAL : scripts/s3/music/staticcollection.lua
[23:51:41.938 V] #97 MENU : scripts/ssqn/menusettings.lua
[23:51:41.938 V] #98 PLAYER : scripts/ssqn/player.lua
[23:51:41.938 V] #99 PLAYER : scripts/ssqn/interop.lua
[23:51:41.938 V] #100 MENU : scripts/zerkishhotkeysimproved/zhi_settings.lua
[23:51:41.938 V] #101 PLAYER : scripts/zerkishhotkeysimproved/zhi_player.lua
[23:51:41.938 V] #102 MENU : scripts/openmw_questmenu/menusettings.lua
[23:51:41.938 V] #103 PLAYER : scripts/openmw_questmenu/questhandler.lua
[23:51:41.938 V] #104 PLAYER : scripts/openmw_questmenu/ui.lua
[23:51:41.938 V] #105 MENU : scripts/impacteffects/settings.lua
[23:51:41.938 V] #106 PLAYER : scripts/impacteffects/player.lua
[23:51:41.938 V] #107 CUSTOM : scripts/impacteffects/npc.lua
[23:51:41.938 V] #108 GLOBAL : scripts/impacteffects/global.lua
[23:51:41.938 V] #109 PLAYER : scripts/maxyari/dynamic camera/dynamiccamera.lua
[23:51:41.938 V] #110 MENU : scripts/bms/ui/renderers.lua
[23:51:41.938 V] #111 GLOBAL : scripts/bms/global.lua
[23:51:41.938 V] #112 PLAYER : scripts/bms/player.lua
[23:51:41.938 V] #113 CUSTOM : scripts/bms/npc.lua
[23:51:41.938 V] #114 PLAYER : scripts/devilish_skooma_player.lua
[23:51:41.938 V] #115 GLOBAL : scripts/devilish_skooma_global.lua
[23:51:41.938 V] #116 PLAYER : scripts/detd_magicshroom_player.lua
[23:51:41.938 V] #117 PLAYER : scripts/detd_drug_effect_player.lua
[23:51:41.938 V] #118 GLOBAL : scripts/shrink_pc_script_global.lua
[23:51:41.938 V] #119 PLAYER : scripts/shrink_pc_script_player.lua
[23:51:41.938 V] #120 MENU : scripts/s3/chim2090/settingspage.lua
[23:51:41.938 V] #121 GLOBAL : scripts/s3/chim2090/globalsettings.lua
[23:51:41.938 V] #122 CUSTOM PLAYER : scripts/s3/chim2090/core.lua
[23:51:41.938 V] #123 CUSTOM PLAYER : scripts/s3/chim2090/dynamicmanager.lua
[23:51:41.938 V] #124 CUSTOM PLAYER : scripts/s3/chim2090/mechanics/poise.lua
[23:51:41.938 V] #125 CUSTOM PLAYER : scripts/s3/chim2090/mechanics/parry.lua
[23:51:41.938 V] #126 CUSTOM PLAYER : scripts/s3/chim2090/roll/core.lua
[23:51:41.938 V] #127 CUSTOM PLAYER : scripts/s3/chim2090/block.lua
[23:51:41.938 V] #128 CUSTOM PLAYER : scripts/s3/chim2090/onhitmanager.lua
[23:51:42.043 V] Enchantment "test magic axe": dropping unexpected skill argument of "FortifyMaximumMagicka" effect
[23:51:42.976 I] Using 2 async physics threads
[23:51:42.976 I] Using /home/s3kshun8/.config/openmw/Morrowind/../Modding/../sw0rdsinger/../savedData/sw0rdsinger/navmesh.db to store navigation mesh cache
[23:51:42.977 V] Disabling Multiview (disabled by config)
[23:51:42.977 I] Using rendering with shaders by default, requested by:
[23:51:42.977 I]  - radial fog
[23:51:42.977 I]  - exponential fog
[23:51:42.977 I]  - sky blending
[23:51:42.977 I]  - soft particles
[23:51:42.977 I]  - shadows
[23:51:42.977 I]  - lighting method
[23:51:42.977 I]  - reverse-Z depth buffer
[23:51:42.977 V] Using idle priority for thread=140118934169280
[23:51:42.977 I] Reserving texture units for shadow maps: 27..31
[23:51:42.977 I] Reserving texture unit for opaque depth texture: 26
[23:51:42.980 I] Initialized compute shader pipeline for water ripples
[23:51:42.981 I] Reserving texture unit for sky RTT: 25
[23:51:42.982 V] Language file "l10n/Interface/gmst.yaml" is enabled
[23:51:42.982 V] Language file "l10n/Interface/en.yaml" is enabled
[23:51:43.327 V] Language file "l10n/OMWEngine/gmst.yaml" is enabled
[23:51:43.328 V] Language file "l10n/OMWEngine/en.yaml" is enabled
[23:51:43.371 V] Language file "l10n/OMWShaders/en.yaml" is enabled
[23:51:43.385 V] Language file "l10n/OMWCamera/en.yaml" is enabled
[23:51:43.387 V] Language file "l10n/OMWControls/en.yaml" is enabled
[23:51:43.388 V] Language file "l10n/interface/gmst.yaml" is enabled
[23:51:43.388 V] Language file "l10n/interface/en.yaml" is enabled
[23:51:43.388 V] Language file "l10n/Calendar/gmst.yaml" is enabled
[23:51:43.389 V] Language file "l10n/Calendar/en.yaml" is enabled
[23:51:43.389 V] Language file "l10n/OMWCombat/en.yaml" is enabled
[23:51:43.392 V] Language file "l10n/S3Music/en.yaml" is enabled
[23:51:43.395 V] Language file "l10n/StatsWindow/en.yaml" is enabled
[23:51:43.398 V] Language file "l10n/StaticSwitcher/en.yaml" is enabled
[23:51:43.400 V] Language file "l10n/OblivionLockpicking/en.yaml" is enabled
[23:51:43.402 V] Language file "l10n/DynamicActors/en.yaml" is enabled
[23:51:43.403 V] Language file "l10n/Hawk3ye/en.yaml" is enabled
[23:51:43.405 V] Language file "l10n/ohs_toggle/en.yaml" is enabled
[23:51:43.406 V] Language file "l10n/S3Targets/en.yaml" is enabled
[23:51:43.406 V] Language file "l10n/DeadMerTellNoTales/en.yaml" is enabled
[23:51:43.407 V] Language file "l10n/VisualSoulGems/en.yaml" is enabled
[23:51:43.407 V] Language file "l10n/OblivionRemasterLikeLeveling/en.yaml" is enabled
[23:51:43.407 I] Menu[scripts/omw/settings/menu.lua]:	Group key levelUpSettings doesn't start with Settings
[23:51:43.408 I] Menu[scripts/omw/settings/menu.lua]:	Group key skillSettings doesn't start with Settings
[23:51:43.411 V] Language file "l10n/SkillEvolution/en.yaml" is enabled
[23:51:43.411 I] Menu[scripts/ssqn/menusettings.lua]:	Using default sound file for snd_ui_obj_new_01
[23:51:43.411 I] Menu[scripts/ssqn/menusettings.lua]:	Using default sound file for snd_ui_skill_increase
[23:51:43.411 I] Menu[scripts/ssqn/menusettings.lua]:	Using default sound file for snd_ui_quest_new
[23:51:43.411 I] Menu[scripts/ssqn/menusettings.lua]:	Using default sound file for snd_ui_levelup
[23:51:43.412 V] Language file "l10n/SSQN/en.yaml" is enabled
[23:51:43.415 V] Language file "l10n/ZerkishHotkeysImproved/en.yaml" is enabled
[23:51:43.417 W] No language files for the preferred languages found in "l10n/ZHI_l10n"
[23:51:43.421 V] Language file "l10n/OpenMWQuestMenu/en.yaml" is enabled
[23:51:43.422 V] Language file "l10n/ImpactEffects/en.yaml" is enabled
[23:51:43.424 V] Language file "l10n/BMS/en.yaml" is enabled
[23:51:43.427 V] Language file "l10n/CHIM2090/en.yaml" is enabled
[23:51:43.427 I] Menu[scripts/s3/chim2090/settingspage.lua]:	[CHIM 2090]: loaded version 0.4.2. Thank you for playing CHIM-2090! <3
[23:51:43.430 I] Playing "music/special/morrowind title.mp3"
[23:51:54.835 I] Menu[scripts/omw/console/menu.lua]:	1. small ephemeral tables (2M)           0.0006 s
[23:51:54.835 I] 
[23:51:55.255 I] Menu[scripts/omw/console/menu.lua]:	2. fragmentation (fill/kill/refill 500K) 0.4186 s
[23:51:55.255 I] 
[23:51:55.717 I] Menu[scripts/omw/console/menu.lua]:	3. string churn (1M)                     0.3981 s
[23:51:55.717 I] 
[23:51:55.919 I] Menu[scripts/omw/console/menu.lua]:	4. simulated game frames (1000 x 200 events) 0.1899 s
[23:51:55.919 I] 
[23:51:55.923 I] Menu[scripts/omw/console/menu.lua]:	1. small ephemeral tables (2M)           0.0005 s
[23:51:55.923 I] 
[23:51:56.216 I] Menu[scripts/omw/console/menu.lua]:	2. fragmentation (fill/kill/refill 500K) 0.2905 s
[23:51:56.216 I] 
[23:51:56.681 I] Menu[scripts/omw/console/menu.lua]:	3. string churn (1M)                     0.3995 s
[23:51:56.681 I] 
[23:51:56.878 I] Menu[scripts/omw/console/menu.lua]:	4. simulated game frames (1000 x 200 events) 0.1870 s
[23:51:56.878 I] 
[23:51:56.882 I] Menu[scripts/omw/console/menu.lua]:	1. small ephemeral tables (2M)           0.0005 s
[23:51:56.882 I] 
[23:51:57.177 I] Menu[scripts/omw/console/menu.lua]:	2. fragmentation (fill/kill/refill 500K) 0.2927 s
[23:51:57.177 I] 
[23:51:57.641 I] Menu[scripts/omw/console/menu.lua]:	3. string churn (1M)                     0.3991 s
[23:51:57.641 I] 
[23:51:57.841 I] Menu[scripts/omw/console/menu.lua]:	4. simulated game frames (1000 x 200 events) 0.1899 s
[23:51:57.841 I] 
[23:51:57.845 I] Menu[scripts/omw/console/menu.lua]:	1. small ephemeral tables (2M)           0.0005 s
[23:51:57.845 I] 
[23:51:58.137 I] Menu[scripts/omw/console/menu.lua]:	2. fragmentation (fill/kill/refill 500K) 0.2901 s
[23:51:58.137 I] 
[23:51:58.609 I] Menu[scripts/omw/console/menu.lua]:	3. string churn (1M)                     0.4050 s
[23:51:58.609 I] 
[23:51:58.813 I] Menu[scripts/omw/console/menu.lua]:	4. simulated game frames (1000 x 200 events) 0.1941 s
[23:51:58.813 I] 
[23:51:58.817 I] Menu[scripts/omw/console/menu.lua]:	1. small ephemeral tables (2M)           0.0005 s
[23:51:58.817 I] 
[23:51:59.109 I] Menu[scripts/omw/console/menu.lua]:	2. fragmentation (fill/kill/refill 500K) 0.2899 s
[23:51:59.109 I] 
[23:51:59.580 I] Menu[scripts/omw/console/menu.lua]:	3. string churn (1M)                     0.4014 s
[23:51:59.580 I] 
[23:51:59.781 I] Menu[scripts/omw/console/menu.lua]:	4. simulated game frames (1000 x 200 events) 0.1913 s
[23:51:59.781 I] 
[23:51:59.785 I] Menu[scripts/omw/console/menu.lua]:	1. small ephemeral tables (2M)           0.0005 s
[23:51:59.785 I] 
[23:52:00.073 I] Menu[scripts/omw/console/menu.lua]:	2. fragmentation (fill/kill/refill 500K) 0.2858 s
[23:52:00.073 I] 
[23:52:00.573 I] Menu[scripts/omw/console/menu.lua]:	3. string churn (1M)                     0.4241 s
[23:52:00.573 I] 
[23:52:00.776 I] Menu[scripts/omw/console/menu.lua]:	4. simulated game frames (1000 x 200 events) 0.1930 s
[23:52:00.776 I] 
[23:52:00.781 I] Menu[scripts/omw/console/menu.lua]:	1. small ephemeral tables (2M)           0.0006 s
[23:52:00.781 I] 
[23:52:01.070 I] Menu[scripts/omw/console/menu.lua]:	2. fragmentation (fill/kill/refill 500K) 0.2878 s
[23:52:01.070 I] 
[23:52:01.532 I] Menu[scripts/omw/console/menu.lua]:	3. string churn (1M)                     0.3993 s
[23:52:01.532 I] 
[23:52:01.734 I] Menu[scripts/omw/console/menu.lua]:	4. simulated game frames (1000 x 200 events) 0.1903 s
[23:52:01.734 I] 
[23:52:01.738 I] Menu[scripts/omw/console/menu.lua]:	1. small ephemeral tables (2M)           0.0005 s
[23:52:01.738 I] 
[23:52:02.027 I] Menu[scripts/omw/console/menu.lua]:	2. fragmentation (fill/kill/refill 500K) 0.2884 s
[23:52:02.027 I] 
[23:52:02.492 I] Menu[scripts/omw/console/menu.lua]:	3. string churn (1M)                     0.4009 s
[23:52:02.492 I] 
[23:52:02.694 I] Menu[scripts/omw/console/menu.lua]:	4. simulated game frames (1000 x 200 events) 0.1893 s
[23:52:02.694 I] 
[23:52:02.698 I] Menu[scripts/omw/console/menu.lua]:	1. small ephemeral tables (2M)           0.0005 s
[23:52:02.698 I] 
[23:52:02.984 I] Menu[scripts/omw/console/menu.lua]:	2. fragmentation (fill/kill/refill 500K) 0.2846 s
[23:52:02.984 I] 
[23:52:03.498 I] Menu[scripts/omw/console/menu.lua]:	3. string churn (1M)                     0.4468 s
[23:52:03.498 I] 
[23:52:03.700 I] Menu[scripts/omw/console/menu.lua]:	4. simulated game frames (1000 x 200 events) 0.1919 s
[23:52:03.700 I] 
[23:52:03.704 I] Menu[scripts/omw/console/menu.lua]:	1. small ephemeral tables (2M)           0.0005 s
[23:52:03.704 I] 
[23:52:03.998 I] Menu[scripts/omw/console/menu.lua]:	2. fragmentation (fill/kill/refill 500K) 0.2921 s
[23:52:03.998 I] 
[23:52:04.458 I] Menu[scripts/omw/console/menu.lua]:	3. string churn (1M)                     0.3945 s
[23:52:04.458 I] 
[23:52:04.662 I] Menu[scripts/omw/console/menu.lua]:	4. simulated game frames (1000 x 200 events) 0.1912 s
[23:52:04.662 I] 
[23:52:04.666 I] Menu[scripts/omw/console/menu.lua]:	1. small ephemeral tables (2M)           0.0005 s
[23:52:04.666 I] 
[23:52:04.953 I] Menu[scripts/omw/console/menu.lua]:	2. fragmentation (fill/kill/refill 500K) 0.2839 s
[23:52:04.953 I] 
[23:52:05.417 I] Menu[scripts/omw/console/menu.lua]:	3. string churn (1M)                     0.3990 s
[23:52:05.417 I] 
[23:52:05.623 I] Menu[scripts/omw/console/menu.lua]:	4. simulated game frames (1000 x 200 events) 0.1971 s
[23:52:05.623 I] 
[23:52:05.628 I] Menu[scripts/omw/console/menu.lua]:	1. small ephemeral tables (2M)           0.0006 s
[23:52:05.628 I] 
[23:52:05.915 I] Menu[scripts/omw/console/menu.lua]:	2. fragmentation (fill/kill/refill 500K) 0.2849 s
[23:52:05.915 I] 
[23:52:06.379 I] Menu[scripts/omw/console/menu.lua]:	3. string churn (1M)                     0.3986 s
[23:52:06.379 I] 
[23:52:06.581 I] Menu[scripts/omw/console/menu.lua]:	4. simulated game frames (1000 x 200 events) 0.1926 s
[23:52:06.581 I] 
[23:52:06.585 I] Menu[scripts/omw/console/menu.lua]:	1. small ephemeral tables (2M)           0.0005 s
[23:52:06.585 I] 
[23:52:06.872 I] Menu[scripts/omw/console/menu.lua]:	2. fragmentation (fill/kill/refill 500K) 0.2848 s
[23:52:06.872 I] 
[23:52:07.335 I] Menu[scripts/omw/console/menu.lua]:	3. string churn (1M)                     0.3981 s
[23:52:07.335 I] 
[23:52:07.538 I] Menu[scripts/omw/console/menu.lua]:	4. simulated game frames (1000 x 200 events) 0.1918 s
[23:52:07.538 I] 
[23:52:07.542 I] Menu[scripts/omw/console/menu.lua]:	1. small ephemeral tables (2M)           0.0005 s
[23:52:07.542 I] 
[23:52:07.829 I] Menu[scripts/omw/console/menu.lua]:	2. fragmentation (fill/kill/refill 500K) 0.2844 s
[23:52:07.829 I] 
[23:52:08.296 I] Menu[scripts/omw/console/menu.lua]:	3. string churn (1M)                     0.4043 s
[23:52:08.296 I] 
[23:52:08.497 I] Menu[scripts/omw/console/menu.lua]:	4. simulated game frames (1000 x 200 events) 0.1911 s
[23:52:08.497 I] 
[23:52:08.501 I] Menu[scripts/omw/console/menu.lua]:	1. small ephemeral tables (2M)           0.0006 s
[23:52:08.501 I] 
[23:52:08.789 I] Menu[scripts/omw/console/menu.lua]:	2. fragmentation (fill/kill/refill 500K) 0.2860 s
[23:52:08.789 I] 
[23:52:09.258 I] Menu[scripts/omw/console/menu.lua]:	3. string churn (1M)                     0.4052 s
[23:52:09.258 I] 
[23:52:09.461 I] Menu[scripts/omw/console/menu.lua]:	4. simulated game frames (1000 x 200 events) 0.1914 s
[23:52:09.461 I] 
[23:52:09.466 I] Menu[scripts/omw/console/menu.lua]:	1. small ephemeral tables (2M)           0.0006 s
[23:52:09.466 I] 
[23:52:09.759 I] Menu[scripts/omw/console/menu.lua]:	2. fragmentation (fill/kill/refill 500K) 0.2902 s
[23:52:09.759 I] 
[23:52:10.222 I] Menu[scripts/omw/console/menu.lua]:	3. string churn (1M)                     0.3986 s
[23:52:10.222 I] 
[23:52:10.433 I] Menu[scripts/omw/console/menu.lua]:	4. simulated game frames (1000 x 200 events) 0.1991 s
[23:52:10.433 I] 
[23:52:10.437 I] Menu[scripts/omw/console/menu.lua]:	1. small ephemeral tables (2M)           0.0005 s
[23:52:10.437 I] 
[23:52:10.732 I] Menu[scripts/omw/console/menu.lua]:	2. fragmentation (fill/kill/refill 500K) 0.2931 s
[23:52:10.732 I] 
[23:52:11.205 I] Menu[scripts/omw/console/menu.lua]:	3. string churn (1M)                     0.4092 s
[23:52:11.205 I] 
[23:52:11.408 I] Menu[scripts/omw/console/menu.lua]:	4. simulated game frames (1000 x 200 events) 0.1907 s
[23:52:11.408 I] 
[23:52:11.414 I] Menu[scripts/omw/console/menu.lua]:	1. small ephemeral tables (2M)           0.0005 s
[23:52:11.414 I] 
[23:52:11.708 I] Menu[scripts/omw/console/menu.lua]:	2. fragmentation (fill/kill/refill 500K) 0.2916 s
[23:52:11.708 I] 
[23:52:12.172 I] Menu[scripts/omw/console/menu.lua]:	3. string churn (1M)                     0.3985 s
[23:52:12.172 I] 
[23:52:12.374 I] Menu[scripts/omw/console/menu.lua]:	4. simulated game frames (1000 x 200 events) 0.1915 s
[23:52:12.374 I] 
[23:52:12.378 I] Menu[scripts/omw/console/menu.lua]:	1. small ephemeral tables (2M)           0.0005 s
[23:52:12.378 I] 
[23:52:12.675 I] Menu[scripts/omw/console/menu.lua]:	2. fragmentation (fill/kill/refill 500K) 0.2948 s
[23:52:12.675 I] 
[23:52:13.143 I] Menu[scripts/omw/console/menu.lua]:	3. string churn (1M)                     0.4032 s
[23:52:13.143 I] 
[23:52:13.346 I] Menu[scripts/omw/console/menu.lua]:	4. simulated game frames (1000 x 200 events) 0.1925 s
[23:52:13.346 I] 
[23:52:13.352 I] Menu[scripts/omw/console/menu.lua]:	1. small ephemeral tables (2M)           0.0005 s
[23:52:13.352 I] 
[23:52:13.648 I] Menu[scripts/omw/console/menu.lua]:	2. fragmentation (fill/kill/refill 500K) 0.2943 s
[23:52:13.648 I] 
[23:52:14.117 I] Menu[scripts/omw/console/menu.lua]:	3. string churn (1M)                     0.4043 s
[23:52:14.117 I] 
[23:52:14.322 I] Menu[scripts/omw/console/menu.lua]:	4. simulated game frames (1000 x 200 events) 0.1942 s
[23:52:14.322 I] 
[23:52:14.329 I] Menu[scripts/omw/console/menu.lua]:	1. small ephemeral tables (2M)           0.0005 s
[23:52:14.329 I] 
[23:52:14.621 I] Menu[scripts/omw/console/menu.lua]:	2. fragmentation (fill/kill/refill 500K) 0.2904 s
[23:52:14.621 I] 
[23:52:15.095 I] Menu[scripts/omw/console/menu.lua]:	3. string churn (1M)                     0.4095 s
[23:52:15.095 I] 
[23:52:15.302 I] Menu[scripts/omw/console/menu.lua]:	4. simulated game frames (1000 x 200 events) 0.1957 s
[23:52:15.302 I] 
[23:52:15.306 I] Menu[scripts/omw/console/menu.lua]:	1. small ephemeral tables (2M)           0.0005 s
[23:52:15.306 I] 
[23:52:15.602 I] Menu[scripts/omw/console/menu.lua]:	2. fragmentation (fill/kill/refill 500K) 0.2943 s
[23:52:15.602 I] 
[23:52:16.069 I] Menu[scripts/omw/console/menu.lua]:	3. string churn (1M)                     0.4019 s
[23:52:16.069 I] 
[23:52:16.277 I] Menu[scripts/omw/console/menu.lua]:	4. simulated game frames (1000 x 200 events) 0.1985 s
[23:52:16.277 I] 
[23:52:16.284 I] Menu[scripts/omw/console/menu.lua]:	1. small ephemeral tables (2M)           0.0005 s
[23:52:16.284 I] 
[23:52:16.584 I] Menu[scripts/omw/console/menu.lua]:	2. fragmentation (fill/kill/refill 500K) 0.2978 s
[23:52:16.584 I] 
[23:52:17.062 I] Menu[scripts/omw/console/menu.lua]:	3. string churn (1M)                     0.4110 s
[23:52:17.062 I] 
[23:52:17.270 I] Menu[scripts/omw/console/menu.lua]:	4. simulated game frames (1000 x 200 events) 0.1950 s
[23:52:17.270 I] 
[23:52:17.274 I] Menu[scripts/omw/console/menu.lua]:	1. small ephemeral tables (2M)           0.0008 s
[23:52:17.274 I] 
[23:52:17.579 I] Menu[scripts/omw/console/menu.lua]:	2. fragmentation (fill/kill/refill 500K) 0.3018 s
[23:52:17.579 I] 
[23:52:18.052 I] Menu[scripts/omw/console/menu.lua]:	3. string churn (1M)                     0.4069 s
[23:52:18.052 I] 
[23:52:18.263 I] Menu[scripts/omw/console/menu.lua]:	4. simulated game frames (1000 x 200 events) 0.2014 s
[23:52:18.263 I] 
[23:52:18.269 I] Menu[scripts/omw/console/menu.lua]:	1. small ephemeral tables (2M)           0.0005 s
[23:52:18.269 I] 
[23:52:18.571 I] Menu[scripts/omw/console/menu.lua]:	2. fragmentation (fill/kill/refill 500K) 0.2999 s
[23:52:18.571 I] 
[23:52:19.049 I] Menu[scripts/omw/console/menu.lua]:	3. string churn (1M)                     0.4112 s
[23:52:19.049 I] 
[23:52:19.257 I] Menu[scripts/omw/console/menu.lua]:	4. simulated game frames (1000 x 200 events) 0.1982 s
[23:52:19.257 I] 
[23:52:19.261 I] Menu[scripts/omw/console/menu.lua]:	1. small ephemeral tables (2M)           0.0006 s
[23:52:19.261 I] 
[23:52:19.565 I] Menu[scripts/omw/console/menu.lua]:	2. fragmentation (fill/kill/refill 500K) 0.3027 s
[23:52:19.565 I] 
[23:52:20.046 I] Menu[scripts/omw/console/menu.lua]:	3. string churn (1M)                     0.4140 s
[23:52:20.046 I] 
[23:52:20.259 I] Menu[scripts/omw/console/menu.lua]:	4. simulated game frames (1000 x 200 events) 0.2017 s
[23:52:20.259 I] 
[23:52:20.264 I] Menu[scripts/omw/console/menu.lua]:	1. small ephemeral tables (2M)           0.0006 s
[23:52:20.264 I] 
[23:52:20.569 I] Menu[scripts/omw/console/menu.lua]:	2. fragmentation (fill/kill/refill 500K) 0.3026 s
[23:52:20.569 I] 
[23:52:21.042 I] Menu[scripts/omw/console/menu.lua]:	3. string churn (1M)                     0.4071 s
[23:52:21.042 I] 
[23:52:21.253 I] Menu[scripts/omw/console/menu.lua]:	4. simulated game frames (1000 x 200 events) 0.1998 s
[23:52:21.253 I] 
[23:52:21.259 I] Menu[scripts/omw/console/menu.lua]:	1. small ephemeral tables (2M)           0.0005 s
[23:52:21.259 I] 
[23:52:21.562 I] Menu[scripts/omw/console/menu.lua]:	2. fragmentation (fill/kill/refill 500K) 0.3020 s
[23:52:21.562 I] 
[23:52:22.036 I] Menu[scripts/omw/console/menu.lua]:	3. string churn (1M)                     0.4085 s
[23:52:22.036 I] 
[23:52:22.254 I] Menu[scripts/omw/console/menu.lua]:	4. simulated game frames (1000 x 200 events) 0.2069 s
[23:52:22.254 I] 
[23:52:22.260 I] Menu[scripts/omw/console/menu.lua]:	1. small ephemeral tables (2M)           0.0005 s
[23:52:22.260 I] 
[23:52:22.564 I] Menu[scripts/omw/console/menu.lua]:	2. fragmentation (fill/kill/refill 500K) 0.3021 s
[23:52:22.564 I] 
[23:52:23.064 I] Menu[scripts/omw/console/menu.lua]:	3. string churn (1M)                     0.4286 s
[23:52:23.064 I] 
[23:52:23.282 I] Menu[scripts/omw/console/menu.lua]:	4. simulated game frames (1000 x 200 events) 0.2072 s
[23:52:23.282 I] 
[23:52:23.286 I] Menu[scripts/omw/console/menu.lua]:	1. small ephemeral tables (2M)           0.0006 s
[23:52:23.286 I] 
[23:52:23.588 I] Menu[scripts/omw/console/menu.lua]:	2. fragmentation (fill/kill/refill 500K) 0.2990 s
[23:52:23.588 I] 
[23:52:24.070 I] Menu[scripts/omw/console/menu.lua]:	3. string churn (1M)                     0.4151 s
[23:52:24.070 I] 
[23:52:24.282 I] Menu[scripts/omw/console/menu.lua]:	4. simulated game frames (1000 x 200 events) 0.2029 s
[23:52:24.282 I] 
[23:52:24.288 I] Menu[scripts/omw/console/menu.lua]:	1. small ephemeral tables (2M)           0.0006 s
[23:52:24.288 I] 
[23:52:24.590 I] Menu[scripts/omw/console/menu.lua]:	2. fragmentation (fill/kill/refill 500K) 0.2998 s
[23:52:24.590 I] 
[23:52:25.063 I] Menu[scripts/omw/console/menu.lua]:	3. string churn (1M)                     0.4055 s
[23:52:25.063 I] 
[23:52:25.278 I] Menu[scripts/omw/console/menu.lua]:	4. simulated game frames (1000 x 200 events) 0.2054 s
[23:52:25.278 I] 
[23:52:25.283 I] Menu[scripts/omw/console/menu.lua]:	1. small ephemeral tables (2M)           0.0005 s
[23:52:25.283 I] 
[23:52:25.588 I] Menu[scripts/omw/console/menu.lua]:	2. fragmentation (fill/kill/refill 500K) 0.3028 s
[23:52:25.588 I] 
[23:52:26.062 I] Menu[scripts/omw/console/menu.lua]:	3. string churn (1M)                     0.4085 s
[23:52:26.062 I] 
[23:52:26.273 I] Menu[scripts/omw/console/menu.lua]:	4. simulated game frames (1000 x 200 events) 0.2005 s
[23:52:26.273 I] 
[23:52:26.278 I] Menu[scripts/omw/console/menu.lua]:	1. small ephemeral tables (2M)           0.0006 s
[23:52:26.278 I] 
[23:52:26.581 I] Menu[scripts/omw/console/menu.lua]:	2. fragmentation (fill/kill/refill 500K) 0.3002 s
[23:52:26.581 I] 
[23:52:27.068 I] Menu[scripts/omw/console/menu.lua]:	3. string churn (1M)                     0.4207 s
[23:52:27.068 I] 
[23:52:27.283 I] Menu[scripts/omw/console/menu.lua]:	4. simulated game frames (1000 x 200 events) 0.2032 s
[23:52:27.283 I] 
[23:52:27.289 I] Menu[scripts/omw/console/menu.lua]:	1. small ephemeral tables (2M)           0.0005 s
[23:52:27.289 I] 
[23:52:27.591 I] Menu[scripts/omw/console/menu.lua]:	2. fragmentation (fill/kill/refill 500K) 0.2994 s
[23:52:27.591 I] 
[23:52:28.075 I] Menu[scripts/omw/console/menu.lua]:	3. string churn (1M)                     0.4173 s
[23:52:28.075 I] 
[23:52:28.290 I] Menu[scripts/omw/console/menu.lua]:	4. simulated game frames (1000 x 200 events) 0.2048 s
[23:52:28.290 I] 
[23:52:28.294 I] Menu[scripts/omw/console/menu.lua]:	1. small ephemeral tables (2M)           0.0006 s
[23:52:28.294 I] 
[23:52:28.597 I] Menu[scripts/omw/console/menu.lua]:	2. fragmentation (fill/kill/refill 500K) 0.3012 s
[23:52:28.597 I] 
[23:52:29.076 I] Menu[scripts/omw/console/menu.lua]:	3. string churn (1M)                     0.4123 s
[23:52:29.076 I] 
[23:52:29.293 I] Menu[scripts/omw/console/menu.lua]:	4. simulated game frames (1000 x 200 events) 0.2044 s
[23:52:29.293 I] 
[23:52:29.299 I] Menu[scripts/omw/console/menu.lua]:	1. small ephemeral tables (2M)           0.0005 s
[23:52:29.299 I] 
[23:52:29.597 I] Menu[scripts/omw/console/menu.lua]:	2. fragmentation (fill/kill/refill 500K) 0.2968 s
[23:52:29.597 I] 
[23:52:30.074 I] Menu[scripts/omw/console/menu.lua]:	3. string churn (1M)                     0.4116 s
[23:52:30.074 I] 
[23:52:30.294 I] Menu[scripts/omw/console/menu.lua]:	4. simulated game frames (1000 x 200 events) 0.2079 s
[23:52:30.294 I] 
[23:52:30.298 I] Menu[scripts/omw/console/menu.lua]:	1. small ephemeral tables (2M)           0.0005 s
[23:52:30.298 I] 
[23:52:30.599 I] Menu[scripts/omw/console/menu.lua]:	2. fragmentation (fill/kill/refill 500K) 0.2989 s
[23:52:30.599 I] 
[23:52:31.070 I] Menu[scripts/omw/console/menu.lua]:	3. string churn (1M)                     0.4062 s
[23:52:31.070 I] 
[23:52:31.287 I] Menu[scripts/omw/console/menu.lua]:	4. simulated game frames (1000 x 200 events) 0.2051 s
[23:52:31.287 I] 
[23:52:31.293 I] Menu[scripts/omw/console/menu.lua]:	1. small ephemeral tables (2M)           0.0006 s
[23:52:31.293 I] 
[23:52:31.604 I] Menu[scripts/omw/console/menu.lua]:	2. fragmentation (fill/kill/refill 500K) 0.3089 s
[23:52:31.604 I] 
[23:52:32.080 I] Menu[scripts/omw/console/menu.lua]:	3. string churn (1M)                     0.4102 s
[23:52:32.080 I] 
[23:52:32.295 I] Menu[scripts/omw/console/menu.lua]:	4. simulated game frames (1000 x 200 events) 0.2056 s
[23:52:32.295 I] 
[23:52:32.299 I] Menu[scripts/omw/console/menu.lua]:	1. small ephemeral tables (2M)           0.0005 s
[23:52:32.299 I] 
[23:52:32.604 I] Menu[scripts/omw/console/menu.lua]:	2. fragmentation (fill/kill/refill 500K) 0.3029 s
[23:52:32.604 I] 
[23:52:33.080 I] Menu[scripts/omw/console/menu.lua]:	3. string churn (1M)                     0.4094 s
[23:52:33.080 I] 
[23:52:33.293 I] Menu[scripts/omw/console/menu.lua]:	4. simulated game frames (1000 x 200 events) 0.2031 s
[23:52:33.293 I] 
[23:52:33.299 I] Menu[scripts/omw/console/menu.lua]:	1. small ephemeral tables (2M)           0.0005 s
[23:52:33.299 I] 
[23:52:33.599 I] Menu[scripts/omw/console/menu.lua]:	2. fragmentation (fill/kill/refill 500K) 0.2983 s
[23:52:33.599 I] 
[23:52:34.065 I] Menu[scripts/omw/console/menu.lua]:	3. string churn (1M)                     0.4014 s
[23:52:34.065 I] 
[23:52:34.282 I] Menu[scripts/omw/console/menu.lua]:	4. simulated game frames (1000 x 200 events) 0.2054 s
[23:52:34.282 I] 
[23:52:34.290 I] Menu[scripts/omw/console/menu.lua]:	1. small ephemeral tables (2M)           0.0005 s
[23:52:34.290 I] 
[23:52:34.592 I] Menu[scripts/omw/console/menu.lua]:	2. fragmentation (fill/kill/refill 500K) 0.2989 s
[23:52:34.592 I] 
[23:52:35.073 I] Menu[scripts/omw/console/menu.lua]:	3. string churn (1M)                     0.4115 s
[23:52:35.073 I] 
[23:52:35.297 I] Menu[scripts/omw/console/menu.lua]:	4. simulated game frames (1000 x 200 events) 0.2125 s
[23:52:35.297 I] 
[23:52:35.304 I] Menu[scripts/omw/console/menu.lua]:	1. small ephemeral tables (2M)           0.0005 s
[23:52:35.304 I] 
[23:52:35.598 I] Menu[scripts/omw/console/menu.lua]:	2. fragmentation (fill/kill/refill 500K) 0.2923 s
[23:52:35.598 I] 
[23:52:36.067 I] Menu[scripts/omw/console/menu.lua]:	3. string churn (1M)                     0.4037 s
[23:52:36.067 I] 
[23:52:36.277 I] Menu[scripts/omw/console/menu.lua]:	4. simulated game frames (1000 x 200 events) 0.1985 s
[23:52:36.277 I] 
[23:52:36.281 I] Menu[scripts/omw/console/menu.lua]:	1. small ephemeral tables (2M)           0.0006 s
[23:52:36.281 I] 
[23:52:36.582 I] Menu[scripts/omw/console/menu.lua]:	2. fragmentation (fill/kill/refill 500K) 0.2996 s
[23:52:36.582 I] 
[23:52:37.058 I] Menu[scripts/omw/console/menu.lua]:	3. string churn (1M)                     0.4086 s
[23:52:37.058 I] 
[23:52:37.268 I] Menu[scripts/omw/console/menu.lua]:	4. simulated game frames (1000 x 200 events) 0.1985 s
[23:52:37.268 I] 
[23:52:37.274 I] Menu[scripts/omw/console/menu.lua]:	1. small ephemeral tables (2M)           0.0005 s
[23:52:37.274 I] 
[23:52:37.582 I] Menu[scripts/omw/console/menu.lua]:	2. fragmentation (fill/kill/refill 500K) 0.3039 s
[23:52:37.582 I] 
[23:52:38.057 I] Menu[scripts/omw/console/menu.lua]:	3. string churn (1M)                     0.4069 s
[23:52:38.057 I] 
[23:52:38.274 I] Menu[scripts/omw/console/menu.lua]:	4. simulated game frames (1000 x 200 events) 0.2040 s
[23:52:38.274 I] 
[23:52:38.278 I] Menu[scripts/omw/console/menu.lua]:	1. small ephemeral tables (2M)           0.0005 s
[23:52:38.278 I] 
[23:52:38.574 I] Menu[scripts/omw/console/menu.lua]:	2. fragmentation (fill/kill/refill 500K) 0.2929 s
[23:52:38.574 I] 
[23:52:39.054 I] Menu[scripts/omw/console/menu.lua]:	3. string churn (1M)                     0.4121 s
[23:52:39.054 I] 
[23:52:39.264 I] Menu[scripts/omw/console/menu.lua]:	4. simulated game frames (1000 x 200 events) 0.2002 s
[23:52:39.264 I] 
[23:52:39.270 I] Menu[scripts/omw/console/menu.lua]:	1. small ephemeral tables (2M)           0.0005 s
[23:52:39.270 I] 
[23:52:39.563 I] Menu[scripts/omw/console/menu.lua]:	2. fragmentation (fill/kill/refill 500K) 0.2899 s
[23:52:39.563 I] 
[23:52:40.038 I] Menu[scripts/omw/console/menu.lua]:	3. string churn (1M)                     0.4059 s
[23:52:40.038 I] 
[23:52:40.248 I] Menu[scripts/omw/console/menu.lua]:	4. simulated game frames (1000 x 200 events) 0.1986 s
[23:52:40.248 I] 
[23:52:40.252 I] Menu[scripts/omw/console/menu.lua]:	1. small ephemeral tables (2M)           0.0005 s
[23:52:40.252 I] 
[23:52:40.549 I] Menu[scripts/omw/console/menu.lua]:	2. fragmentation (fill/kill/refill 500K) 0.2939 s
[23:52:40.549 I] 
[23:52:41.030 I] Menu[scripts/omw/console/menu.lua]:	3. string churn (1M)                     0.4168 s
[23:52:41.030 I] 
[23:52:41.241 I] Menu[scripts/omw/console/menu.lua]:	4. simulated game frames (1000 x 200 events) 0.1972 s
[23:52:41.241 I] 
[23:52:41.246 I] Menu[scripts/omw/console/menu.lua]:	1. small ephemeral tables (2M)           0.0005 s
[23:52:41.246 I] 
[23:52:41.538 I] Menu[scripts/omw/console/menu.lua]:	2. fragmentation (fill/kill/refill 500K) 0.2896 s
[23:52:41.538 I] 
[23:52:42.003 I] Menu[scripts/omw/console/menu.lua]:	3. string churn (1M)                     0.3971 s
[23:52:42.003 I] 
[23:52:42.211 I] Menu[scripts/omw/console/menu.lua]:	4. simulated game frames (1000 x 200 events) 0.1966 s
[23:52:42.211 I] 
[23:52:42.216 I] Menu[scripts/omw/console/menu.lua]:	1. small ephemeral tables (2M)           0.0005 s
[23:52:42.216 I] 
[23:52:42.511 I] Menu[scripts/omw/console/menu.lua]:	2. fragmentation (fill/kill/refill 500K) 0.2924 s
[23:52:42.511 I] 
[23:52:42.986 I] Menu[scripts/omw/console/menu.lua]:	3. string churn (1M)                     0.4085 s
[23:52:42.986 I] 
[23:52:43.192 I] Menu[scripts/omw/console/menu.lua]:	4. simulated game frames (1000 x 200 events) 0.1962 s
[23:52:43.192 I] 
[23:52:43.196 I] Menu[scripts/omw/console/menu.lua]:	1. small ephemeral tables (2M)           0.0005 s
[23:52:43.196 I] 
[23:52:43.487 I] Menu[scripts/omw/console/menu.lua]:	2. fragmentation (fill/kill/refill 500K) 0.2881 s
[23:52:43.487 I] 
[23:52:43.968 I] Menu[scripts/omw/console/menu.lua]:	3. string churn (1M)                     0.4136 s
[23:52:43.968 I] 
[23:52:44.175 I] Menu[scripts/omw/console/menu.lua]:	4. simulated game frames (1000 x 200 events) 0.1975 s
[23:52:44.175 I] 
[23:52:44.180 I] Menu[scripts/omw/console/menu.lua]:	1. small ephemeral tables (2M)           0.0005 s
[23:52:44.180 I] 
[23:52:44.471 I] Menu[scripts/omw/console/menu.lua]:	2. fragmentation (fill/kill/refill 500K) 0.2881 s
[23:52:44.471 I] 
[23:52:44.941 I] Menu[scripts/omw/console/menu.lua]:	3. string churn (1M)                     0.4034 s
[23:52:44.941 I] 
[23:52:45.155 I] Menu[scripts/omw/console/menu.lua]:	4. simulated game frames (1000 x 200 events) 0.2042 s
[23:52:45.155 I] 
[23:52:45.161 I] Menu[scripts/omw/console/menu.lua]:	1. small ephemeral tables (2M)           0.0005 s
[23:52:45.161 I] 
[23:52:45.467 I] Menu[scripts/omw/console/menu.lua]:	2. fragmentation (fill/kill/refill 500K) 0.3043 s
[23:52:45.467 I] 
[23:52:45.944 I] Menu[scripts/omw/console/menu.lua]:	3. string churn (1M)                     0.4081 s
[23:52:45.944 I] 
[23:52:46.151 I] Menu[scripts/omw/console/menu.lua]:	4. simulated game frames (1000 x 200 events) 0.1959 s
[23:52:46.151 I] 
[23:52:46.156 I] Menu[scripts/omw/console/menu.lua]:	1. small ephemeral tables (2M)           0.0005 s
[23:52:46.156 I] 
[23:52:46.445 I] Menu[scripts/omw/console/menu.lua]:	2. fragmentation (fill/kill/refill 500K) 0.2865 s
[23:52:46.445 I] 
[23:52:46.912 I] Menu[scripts/omw/console/menu.lua]:	3. string churn (1M)                     0.4013 s
[23:52:46.912 I] 
[23:52:47.131 I] Menu[scripts/omw/console/menu.lua]:	4. simulated game frames (1000 x 200 events) 0.1982 s
[23:52:47.131 I] 
[23:52:47.135 I] Menu[scripts/omw/console/menu.lua]:	1. small ephemeral tables (2M)           0.0005 s
[23:52:47.135 I] 
[23:52:47.426 I] Menu[scripts/omw/console/menu.lua]:	2. fragmentation (fill/kill/refill 500K) 0.2883 s
[23:52:47.426 I] 
[23:52:47.897 I] Menu[scripts/omw/console/menu.lua]:	3. string churn (1M)                     0.4046 s
[23:52:47.897 I] 
[23:52:48.100 I] Menu[scripts/omw/console/menu.lua]:	4. simulated game frames (1000 x 200 events) 0.1921 s
[23:52:48.100 I] 
[23:52:48.105 I] Menu[scripts/omw/console/menu.lua]:	1. small ephemeral tables (2M)           0.0005 s
[23:52:48.105 I] 
[23:52:48.396 I] Menu[scripts/omw/console/menu.lua]:	2. fragmentation (fill/kill/refill 500K) 0.2888 s
[23:52:48.396 I] 
[23:52:48.868 I] Menu[scripts/omw/console/menu.lua]:	3. string churn (1M)                     0.4054 s
[23:52:48.868 I] 
[23:52:49.077 I] Menu[scripts/omw/console/menu.lua]:	4. simulated game frames (1000 x 200 events) 0.1980 s
[23:52:49.077 I] 
[23:52:49.082 I] Menu[scripts/omw/console/menu.lua]:	1. small ephemeral tables (2M)           0.0005 s
[23:52:49.082 I] 
[23:52:49.372 I] Menu[scripts/omw/console/menu.lua]:	2. fragmentation (fill/kill/refill 500K) 0.2884 s
[23:52:49.372 I] 
[23:52:49.843 I] Menu[scripts/omw/console/menu.lua]:	3. string churn (1M)                     0.4050 s
[23:52:49.843 I] 
[23:52:50.047 I] Menu[scripts/omw/console/menu.lua]:	4. simulated game frames (1000 x 200 events) 0.1939 s
[23:52:50.047 I] 
[23:52:50.051 I] Menu[scripts/omw/console/menu.lua]:	1. small ephemeral tables (2M)           0.0005 s
[23:52:50.051 I] 
[23:52:50.340 I] Menu[scripts/omw/console/menu.lua]:	2. fragmentation (fill/kill/refill 500K) 0.2863 s
[23:52:50.340 I] 
[23:52:50.811 I] Menu[scripts/omw/console/menu.lua]:	3. string churn (1M)                     0.4040 s
[23:52:50.811 I] 
[23:52:51.018 I] Menu[scripts/omw/console/menu.lua]:	4. simulated game frames (1000 x 200 events) 0.1957 s
[23:52:51.018 I] 
[23:52:51.023 I] Menu[scripts/omw/console/menu.lua]:	1. small ephemeral tables (2M)           0.0005 s
[23:52:51.023 I] 
[23:52:51.317 I] Menu[scripts/omw/console/menu.lua]:	2. fragmentation (fill/kill/refill 500K) 0.2924 s
[23:52:51.317 I] 
[23:52:51.793 I] Menu[scripts/omw/console/menu.lua]:	3. string churn (1M)                     0.4090 s
[23:52:51.793 I] 
[23:52:52.000 I] Menu[scripts/omw/console/menu.lua]:	4. simulated game frames (1000 x 200 events) 0.1946 s
[23:52:52.000 I] 
[23:52:52.004 I] Menu[scripts/omw/console/menu.lua]:	1. small ephemeral tables (2M)           0.0006 s
[23:52:52.004 I] 
[23:52:52.315 I] Menu[scripts/omw/console/menu.lua]:	2. fragmentation (fill/kill/refill 500K) 0.3078 s
[23:52:52.315 I] 
[23:52:52.791 I] Menu[scripts/omw/console/menu.lua]:	3. string churn (1M)                     0.4117 s
[23:52:52.791 I] 
[23:52:52.992 I] Menu[scripts/omw/console/menu.lua]:	4. simulated game frames (1000 x 200 events) 0.1909 s
[23:52:52.992 I] 
[23:52:52.998 I] Menu[scripts/omw/console/menu.lua]:	1. small ephemeral tables (2M)           0.0006 s
[23:52:52.998 I] 
[23:52:53.291 I] Menu[scripts/omw/console/menu.lua]:	2. fragmentation (fill/kill/refill 500K) 0.2920 s
[23:52:53.291 I] 
[23:52:53.756 I] Menu[scripts/omw/console/menu.lua]:	3. string churn (1M)                     0.3997 s
[23:52:53.756 I] 
[23:52:53.957 I] Menu[scripts/omw/console/menu.lua]:	4. simulated game frames (1000 x 200 events) 0.1918 s
[23:52:53.957 I] 
[23:52:53.961 I] Menu[scripts/omw/console/menu.lua]:	1. small ephemeral tables (2M)           0.0005 s
[23:52:53.961 I] 
[23:52:54.260 I] Menu[scripts/omw/console/menu.lua]:	2. fragmentation (fill/kill/refill 500K) 0.2968 s
[23:52:54.260 I] 
[23:52:54.740 I] Menu[scripts/omw/console/menu.lua]:	3. string churn (1M)                     0.4156 s
[23:52:54.740 I] 
[23:52:54.941 I] Menu[scripts/omw/console/menu.lua]:	4. simulated game frames (1000 x 200 events) 0.1905 s
[23:52:54.941 I] 
[23:52:54.947 I] Menu[scripts/omw/console/menu.lua]:	1. small ephemeral tables (2M)           0.0005 s
[23:52:54.947 I] 
[23:52:55.241 I] Menu[scripts/omw/console/menu.lua]:	2. fragmentation (fill/kill/refill 500K) 0.2931 s
[23:52:55.241 I] 
[23:52:55.717 I] Menu[scripts/omw/console/menu.lua]:	3. string churn (1M)                     0.4105 s
[23:52:55.717 I] 
[23:52:55.920 I] Menu[scripts/omw/console/menu.lua]:	4. simulated game frames (1000 x 200 events) 0.1919 s
[23:52:55.920 I] 
[23:52:55.925 I] Menu[scripts/omw/console/menu.lua]:	1. small ephemeral tables (2M)           0.0005 s
[23:52:55.925 I] 
[23:52:56.221 I] Menu[scripts/omw/console/menu.lua]:	2. fragmentation (fill/kill/refill 500K) 0.2935 s
[23:52:56.221 I] 
[23:52:56.690 I] Menu[scripts/omw/console/menu.lua]:	3. string churn (1M)                     0.4049 s
[23:52:56.690 I] 
[23:52:56.889 I] Menu[scripts/omw/console/menu.lua]:	4. simulated game frames (1000 x 200 events) 0.1894 s
[23:52:56.889 I] 
[23:52:56.894 I] Menu[scripts/omw/console/menu.lua]:	1. small ephemeral tables (2M)           0.0007 s
[23:52:56.894 I] 
[23:52:57.198 I] Menu[scripts/omw/console/menu.lua]:	2. fragmentation (fill/kill/refill 500K) 0.3019 s
[23:52:57.198 I] 
[23:52:57.674 I] Menu[scripts/omw/console/menu.lua]:	3. string churn (1M)                     0.4114 s
[23:52:57.674 I] 
[23:52:57.877 I] Menu[scripts/omw/console/menu.lua]:	4. simulated game frames (1000 x 200 events) 0.1920 s
[23:52:57.877 I] 
[23:52:57.881 I] Menu[scripts/omw/console/menu.lua]:	1. small ephemeral tables (2M)           0.0005 s
[23:52:57.881 I] 
[23:52:58.175 I] Menu[scripts/omw/console/menu.lua]:	2. fragmentation (fill/kill/refill 500K) 0.2914 s
[23:52:58.175 I] 
[23:52:58.649 I] Menu[scripts/omw/console/menu.lua]:	3. string churn (1M)                     0.4075 s
[23:52:58.649 I] 
[23:52:58.852 I] Menu[scripts/omw/console/menu.lua]:	4. simulated game frames (1000 x 200 events) 0.1900 s
[23:52:58.852 I] 
[23:52:58.856 I] Menu[scripts/omw/console/menu.lua]:	1. small ephemeral tables (2M)           0.0005 s
[23:52:58.856 I] 
[23:52:59.156 I] Menu[scripts/omw/console/menu.lua]:	2. fragmentation (fill/kill/refill 500K) 0.2982 s
[23:52:59.156 I] 
[23:52:59.627 I] Menu[scripts/omw/console/menu.lua]:	3. string churn (1M)                     0.4046 s
[23:52:59.627 I] 
[23:52:59.830 I] Menu[scripts/omw/console/menu.lua]:	4. simulated game frames (1000 x 200 events) 0.1917 s
[23:52:59.830 I] 
[23:52:59.836 I] Menu[scripts/omw/console/menu.lua]:	1. small ephemeral tables (2M)           0.0005 s
[23:52:59.836 I] 
[23:53:00.128 I] Menu[scripts/omw/console/menu.lua]:	2. fragmentation (fill/kill/refill 500K) 0.2893 s
[23:53:00.128 I] 
[23:53:00.598 I] Menu[scripts/omw/console/menu.lua]:	3. string churn (1M)                     0.4020 s
[23:53:00.598 I] 
[23:53:00.797 I] Menu[scripts/omw/console/menu.lua]:	4. simulated game frames (1000 x 200 events) 0.1887 s
[23:53:00.797 I] 
[23:53:00.801 I] Menu[scripts/omw/console/menu.lua]:	1. small ephemeral tables (2M)           0.0006 s
[23:53:00.801 I] 
[23:53:01.098 I] Menu[scripts/omw/console/menu.lua]:	2. fragmentation (fill/kill/refill 500K) 0.2949 s
[23:53:01.098 I] 
[23:53:01.568 I] Menu[scripts/omw/console/menu.lua]:	3. string churn (1M)                     0.4014 s
[23:53:01.568 I] 
[23:53:01.771 I] Menu[scripts/omw/console/menu.lua]:	4. simulated game frames (1000 x 200 events) 0.1906 s
[23:53:01.771 I] 
[23:53:01.776 I] Menu[scripts/omw/console/menu.lua]:	1. small ephemeral tables (2M)           0.0005 s
[23:53:01.776 I] 
[23:53:02.076 I] Menu[scripts/omw/console/menu.lua]:	2. fragmentation (fill/kill/refill 500K) 0.2977 s
[23:53:02.076 I] 
[23:53:02.540 I] Menu[scripts/omw/console/menu.lua]:	3. string churn (1M)                     0.3952 s
[23:53:02.540 I] 
[23:53:02.743 I] Menu[scripts/omw/console/menu.lua]:	4. simulated game frames (1000 x 200 events) 0.1915 s
[23:53:02.743 I] 
[23:53:02.749 I] Menu[scripts/omw/console/menu.lua]:	1. small ephemeral tables (2M)           0.0005 s
[23:53:02.749 I] 
[23:53:03.043 I] Menu[scripts/omw/console/menu.lua]:	2. fragmentation (fill/kill/refill 500K) 0.2907 s
[23:53:03.043 I] 
[23:53:03.513 I] Menu[scripts/omw/console/menu.lua]:	3. string churn (1M)                     0.4069 s
[23:53:03.513 I] 
[23:53:03.721 I] Menu[scripts/omw/console/menu.lua]:	4. simulated game frames (1000 x 200 events) 0.1922 s
[23:53:03.721 I] 
[23:53:03.725 I] Menu[scripts/omw/console/menu.lua]:	1. small ephemeral tables (2M)           0.0005 s
[23:53:03.725 I] 
[23:53:04.016 I] Menu[scripts/omw/console/menu.lua]:	2. fragmentation (fill/kill/refill 500K) 0.2883 s
[23:53:04.016 I] 
[23:53:04.484 I] Menu[scripts/omw/console/menu.lua]:	3. string churn (1M)                     0.4009 s
[23:53:04.484 I] 
[23:53:04.688 I] Menu[scripts/omw/console/menu.lua]:	4. simulated game frames (1000 x 200 events) 0.1923 s
[23:53:04.688 I] 
[23:53:04.692 I] Menu[scripts/omw/console/menu.lua]:	1. small ephemeral tables (2M)           0.0005 s
[23:53:04.692 I] 
[23:53:04.982 I] Menu[scripts/omw/console/menu.lua]:	2. fragmentation (fill/kill/refill 500K) 0.2879 s
[23:53:04.982 I] 
[23:53:05.453 I] Menu[scripts/omw/console/menu.lua]:	3. string churn (1M)                     0.4060 s
[23:53:05.453 I] 
[23:53:05.658 I] Menu[scripts/omw/console/menu.lua]:	4. simulated game frames (1000 x 200 events) 0.1942 s
[23:53:05.658 I] 
[23:53:05.662 I] Menu[scripts/omw/console/menu.lua]:	1. small ephemeral tables (2M)           0.0005 s
[23:53:05.662 I] 
[23:53:05.953 I] Menu[scripts/omw/console/menu.lua]:	2. fragmentation (fill/kill/refill 500K) 0.2886 s
[23:53:05.953 I] 
[23:53:06.455 I] Menu[scripts/omw/console/menu.lua]:	3. string churn (1M)                     0.4350 s
[23:53:06.455 I] 
[23:53:06.657 I] Menu[scripts/omw/console/menu.lua]:	4. simulated game frames (1000 x 200 events) 0.1914 s
[23:53:06.657 I] 
[23:53:06.661 I] Menu[scripts/omw/console/menu.lua]:	1. small ephemeral tables (2M)           0.0005 s
[23:53:06.661 I] 
[23:53:06.948 I] Menu[scripts/omw/console/menu.lua]:	2. fragmentation (fill/kill/refill 500K) 0.2850 s
[23:53:06.948 I] 
[23:53:07.418 I] Menu[scripts/omw/console/menu.lua]:	3. string churn (1M)                     0.4037 s
[23:53:07.418 I] 
[23:53:07.622 I] Menu[scripts/omw/console/menu.lua]:	4. simulated game frames (1000 x 200 events) 0.1929 s
[23:53:07.622 I] 
[23:53:07.627 I] Menu[scripts/omw/console/menu.lua]:	1. small ephemeral tables (2M)           0.0005 s
[23:53:07.627 I] 
[23:53:07.916 I] Menu[scripts/omw/console/menu.lua]:	2. fragmentation (fill/kill/refill 500K) 0.2864 s
[23:53:07.916 I] 
[23:53:08.388 I] Menu[scripts/omw/console/menu.lua]:	3. string churn (1M)                     0.4062 s
[23:53:08.388 I] 
[23:53:08.592 I] Menu[scripts/omw/console/menu.lua]:	4. simulated game frames (1000 x 200 events) 0.1914 s
[23:53:08.592 I] 
[23:53:08.596 I] Menu[scripts/omw/console/menu.lua]:	1. small ephemeral tables (2M)           0.0005 s
[23:53:08.596 I] 
[23:53:08.889 I] Menu[scripts/omw/console/menu.lua]:	2. fragmentation (fill/kill/refill 500K) 0.2905 s
[23:53:08.889 I] 
[23:53:09.351 I] Menu[scripts/omw/console/menu.lua]:	3. string churn (1M)                     0.3965 s
[23:53:09.351 I] 
[23:53:09.556 I] Menu[scripts/omw/console/menu.lua]:	4. simulated game frames (1000 x 200 events) 0.1949 s
[23:53:09.556 I] 
[23:53:09.561 I] Menu[scripts/omw/console/menu.lua]:	1. small ephemeral tables (2M)           0.0006 s
[23:53:09.561 I] 
[23:53:09.863 I] Menu[scripts/omw/console/menu.lua]:	2. fragmentation (fill/kill/refill 500K) 0.2996 s
[23:53:09.863 I] 
[23:53:10.338 I] Menu[scripts/omw/console/menu.lua]:	3. string churn (1M)                     0.4088 s
[23:53:10.338 I] 
[23:53:10.542 I] Menu[scripts/omw/console/menu.lua]:	4. simulated game frames (1000 x 200 events) 0.1920 s
[23:53:10.542 I] 
[23:53:10.546 I] Menu[scripts/omw/console/menu.lua]:	1. small ephemeral tables (2M)           0.0005 s
[23:53:10.546 I] 
[23:53:10.852 I] Menu[scripts/omw/console/menu.lua]:	2. fragmentation (fill/kill/refill 500K) 0.3030 s
[23:53:10.852 I] 
[23:53:11.327 I] Menu[scripts/omw/console/menu.lua]:	3. string churn (1M)                     0.4101 s
[23:53:11.327 I] 
[23:53:11.536 I] Menu[scripts/omw/console/menu.lua]:	4. simulated game frames (1000 x 200 events) 0.1969 s
[23:53:11.536 I] 
[23:53:11.540 I] Menu[scripts/omw/console/menu.lua]:	1. small ephemeral tables (2M)           0.0005 s
[23:53:11.540 I] 
[23:53:11.832 I] Menu[scripts/omw/console/menu.lua]:	2. fragmentation (fill/kill/refill 500K) 0.2897 s
[23:53:11.832 I] 
[23:53:12.301 I] Menu[scripts/omw/console/menu.lua]:	3. string churn (1M)                     0.4030 s
[23:53:12.301 I] 
[23:53:12.506 I] Menu[scripts/omw/console/menu.lua]:	4. simulated game frames (1000 x 200 events) 0.1942 s
[23:53:12.506 I] 
[23:53:12.511 I] Menu[scripts/omw/console/menu.lua]:	1. small ephemeral tables (2M)           0.0006 s
[23:53:12.511 I] 
[23:53:12.799 I] Menu[scripts/omw/console/menu.lua]:	2. fragmentation (fill/kill/refill 500K) 0.2857 s
[23:53:12.799 I] 
[23:53:13.267 I] Menu[scripts/omw/console/menu.lua]:	3. string churn (1M)                     0.4032 s
[23:53:13.267 I] 
[23:53:13.470 I] Menu[scripts/omw/console/menu.lua]:	4. simulated game frames (1000 x 200 events) 0.1917 s
[23:53:13.470 I] 
[23:53:13.474 I] Menu[scripts/omw/console/menu.lua]:	1. small ephemeral tables (2M)           0.0005 s
[23:53:13.474 I] 
[23:53:13.764 I] Menu[scripts/omw/console/menu.lua]:	2. fragmentation (fill/kill/refill 500K) 0.2875 s
[23:53:13.764 I] 
[23:53:14.231 I] Menu[scripts/omw/console/menu.lua]:	3. string churn (1M)                     0.4002 s
[23:53:14.231 I] 
[23:53:14.436 I] Menu[scripts/omw/console/menu.lua]:	4. simulated game frames (1000 x 200 events) 0.1936 s
[23:53:14.436 I] 
[23:53:14.440 I] Menu[scripts/omw/console/menu.lua]:	1. small ephemeral tables (2M)           0.0005 s
[23:53:14.440 I] 
[23:53:14.731 I] Menu[scripts/omw/console/menu.lua]:	2. fragmentation (fill/kill/refill 500K) 0.2882 s
[23:53:14.731 I] 
[23:53:15.199 I] Menu[scripts/omw/console/menu.lua]:	3. string churn (1M)                     0.4046 s
[23:53:15.199 I] 
[23:53:15.401 I] Menu[scripts/omw/console/menu.lua]:	4. simulated game frames (1000 x 200 events) 0.1910 s
[23:53:15.401 I] 
[23:53:15.406 I] Menu[scripts/omw/console/menu.lua]:	1. small ephemeral tables (2M)           0.0005 s
[23:53:15.406 I] 
[23:53:15.695 I] Menu[scripts/omw/console/menu.lua]:	2. fragmentation (fill/kill/refill 500K) 0.2876 s
[23:53:15.695 I] 
[23:53:16.169 I] Menu[scripts/omw/console/menu.lua]:	3. string churn (1M)                     0.4090 s
[23:53:16.169 I] 
[23:53:16.375 I] Menu[scripts/omw/console/menu.lua]:	4. simulated game frames (1000 x 200 events) 0.1941 s
[23:53:16.375 I] 
[23:53:16.379 I] Menu[scripts/omw/console/menu.lua]:	1. small ephemeral tables (2M)           0.0005 s
[23:53:16.379 I] 
[23:53:16.671 I] Menu[scripts/omw/console/menu.lua]:	2. fragmentation (fill/kill/refill 500K) 0.2892 s
[23:53:16.671 I] 
[23:53:17.137 I] Menu[scripts/omw/console/menu.lua]:	3. string churn (1M)                     0.3994 s
[23:53:17.137 I] 
[23:53:17.340 I] Menu[scripts/omw/console/menu.lua]:	4. simulated game frames (1000 x 200 events) 0.1910 s
[23:53:17.340 I] 
[23:53:17.344 I] Menu[scripts/omw/console/menu.lua]:	1. small ephemeral tables (2M)           0.0005 s
[23:53:17.344 I] 
[23:53:17.635 I] Menu[scripts/omw/console/menu.lua]:	2. fragmentation (fill/kill/refill 500K) 0.2888 s
[23:53:17.635 I] 
[23:53:18.102 I] Menu[scripts/omw/console/menu.lua]:	3. string churn (1M)                     0.4016 s
[23:53:18.102 I] 
[23:53:18.305 I] Menu[scripts/omw/console/menu.lua]:	4. simulated game frames (1000 x 200 events) 0.1926 s
[23:53:18.305 I] 
[23:53:18.310 I] Menu[scripts/omw/console/menu.lua]:	1. small ephemeral tables (2M)           0.0005 s
[23:53:18.310 I] 
[23:53:18.601 I] Menu[scripts/omw/console/menu.lua]:	2. fragmentation (fill/kill/refill 500K) 0.2891 s
[23:53:18.601 I] 
[23:53:19.068 I] Menu[scripts/omw/console/menu.lua]:	3. string churn (1M)                     0.4004 s
[23:53:19.068 I] 
[23:53:19.269 I] Menu[scripts/omw/console/menu.lua]:	4. simulated game frames (1000 x 200 events) 0.1910 s
[23:53:19.269 I] 
[23:53:19.274 I] Menu[scripts/omw/console/menu.lua]:	1. small ephemeral tables (2M)           0.0005 s
[23:53:19.274 I] 
[23:53:19.568 I] Menu[scripts/omw/console/menu.lua]:	2. fragmentation (fill/kill/refill 500K) 0.2922 s
[23:53:19.568 I] 
[23:53:20.043 I] Menu[scripts/omw/console/menu.lua]:	3. string churn (1M)                     0.4078 s
[23:53:20.043 I] 
[23:53:20.251 I] Menu[scripts/omw/console/menu.lua]:	4. simulated game frames (1000 x 200 events) 0.1987 s
[23:53:20.251 I] 
[23:53:20.256 I] Menu[scripts/omw/console/menu.lua]:	1. small ephemeral tables (2M)           0.0005 s
[23:53:20.256 I] 
[23:53:20.548 I] Menu[scripts/omw/console/menu.lua]:	2. fragmentation (fill/kill/refill 500K) 0.2909 s
[23:53:20.548 I] 
[23:53:21.013 I] Menu[scripts/omw/console/menu.lua]:	3. string churn (1M)                     0.3966 s
[23:53:21.013 I] 
[23:53:21.218 I] Menu[scripts/omw/console/menu.lua]:	4. simulated game frames (1000 x 200 events) 0.1943 s
[23:53:21.218 I] 
[23:53:21.223 I] Menu[scripts/omw/console/menu.lua]:	1. small ephemeral tables (2M)           0.0005 s
[23:53:21.223 I] 
[23:53:21.510 I] Menu[scripts/omw/console/menu.lua]:	2. fragmentation (fill/kill/refill 500K) 0.2854 s
[23:53:21.510 I] 
[23:53:21.976 I] Menu[scripts/omw/console/menu.lua]:	3. string churn (1M)                     0.4027 s
[23:53:21.976 I] 
[23:53:22.188 I] Menu[scripts/omw/console/menu.lua]:	4. simulated game frames (1000 x 200 events) 0.2018 s
[23:53:22.188 I] 
[23:53:22.191 I] Menu[scripts/omw/console/menu.lua]:	1. small ephemeral tables (2M)           0.0006 s
[23:53:22.191 I] 
[23:53:22.484 I] Menu[scripts/omw/console/menu.lua]:	2. fragmentation (fill/kill/refill 500K) 0.2908 s
[23:53:22.484 I] 
[23:53:22.951 I] Menu[scripts/omw/console/menu.lua]:	3. string churn (1M)                     0.4022 s
[23:53:22.951 I] 
[23:53:23.156 I] Menu[scripts/omw/console/menu.lua]:	4. simulated game frames (1000 x 200 events) 0.1933 s
[23:53:23.156 I] 
[23:53:23.162 I] Menu[scripts/omw/console/menu.lua]:	1. small ephemeral tables (2M)           0.0006 s
[23:53:23.162 I] 
[23:53:23.461 I] Menu[scripts/omw/console/menu.lua]:	2. fragmentation (fill/kill/refill 500K) 0.2961 s
[23:53:23.461 I] 
[23:53:23.935 I] Menu[scripts/omw/console/menu.lua]:	3. string churn (1M)                     0.4092 s
[23:53:23.935 I] 
[23:53:24.151 I] Menu[scripts/omw/console/menu.lua]:	4. simulated game frames (1000 x 200 events) 0.2041 s
[23:53:24.151 I] 
[23:53:24.155 I] Menu[scripts/omw/console/menu.lua]:	1. small ephemeral tables (2M)           0.0005 s
[23:53:24.155 I] 
[23:53:24.460 I] Menu[scripts/omw/console/menu.lua]:	2. fragmentation (fill/kill/refill 500K) 0.3025 s
[23:53:24.460 I] 
[23:53:24.943 I] Menu[scripts/omw/console/menu.lua]:	3. string churn (1M)                     0.4143 s
[23:53:24.943 I] 
[23:53:25.165 I] Menu[scripts/omw/console/menu.lua]:	4. simulated game frames (1000 x 200 events) 0.2104 s
[23:53:25.165 I] 
[23:53:25.171 I] Menu[scripts/omw/console/menu.lua]:	1. small ephemeral tables (2M)           0.0006 s
[23:53:25.171 I] 
[23:53:25.479 I] Menu[scripts/omw/console/menu.lua]:	2. fragmentation (fill/kill/refill 500K) 0.3060 s
[23:53:25.479 I] 
[23:53:25.968 I] Menu[scripts/omw/console/menu.lua]:	3. string churn (1M)                     0.4214 s
[23:53:25.968 I] 
[23:53:26.190 I] Menu[scripts/omw/console/menu.lua]:	4. simulated game frames (1000 x 200 events) 0.2093 s
[23:53:26.190 I] 
[23:53:26.195 I] Menu[scripts/omw/console/menu.lua]:	1. small ephemeral tables (2M)           0.0006 s
[23:53:26.195 I] 
[23:53:26.498 I] Menu[scripts/omw/console/menu.lua]:	2. fragmentation (fill/kill/refill 500K) 0.3011 s
[23:53:26.498 I] 
[23:53:26.975 I] Menu[scripts/omw/console/menu.lua]:	3. string churn (1M)                     0.4148 s
[23:53:26.975 I] 
[23:53:27.193 I] Menu[scripts/omw/console/menu.lua]:	4. simulated game frames (1000 x 200 events) 0.2067 s
[23:53:27.193 I] 
[23:53:27.197 I] Menu[scripts/omw/console/menu.lua]:	1. small ephemeral tables (2M)           0.0005 s
[23:53:27.197 I] 
[23:53:27.498 I] Menu[scripts/omw/console/menu.lua]:	2. fragmentation (fill/kill/refill 500K) 0.2992 s
[23:53:27.498 I] 
[23:53:27.975 I] Menu[scripts/omw/console/menu.lua]:	3. string churn (1M)                     0.4111 s
[23:53:27.975 I] 
[23:53:28.190 I] Menu[scripts/omw/console/menu.lua]:	4. simulated game frames (1000 x 200 events) 0.2044 s
[23:53:28.190 I] 
[23:53:28.196 I] Menu[scripts/omw/console/menu.lua]:	1. small ephemeral tables (2M)           0.0005 s
[23:53:28.196 I] 
[23:53:28.495 I] Menu[scripts/omw/console/menu.lua]:	2. fragmentation (fill/kill/refill 500K) 0.2965 s
[23:53:28.495 I] 
[23:53:28.973 I] Menu[scripts/omw/console/menu.lua]:	3. string churn (1M)                     0.4117 s
[23:53:28.973 I] 
[23:53:29.188 I] Menu[scripts/omw/console/menu.lua]:	4. simulated game frames (1000 x 200 events) 0.2060 s
[23:53:29.188 I] 
[23:53:29.192 I] Menu[scripts/omw/console/menu.lua]:	1. small ephemeral tables (2M)           0.0007 s
[23:53:29.192 I] 
[23:53:29.498 I] Menu[scripts/omw/console/menu.lua]:	2. fragmentation (fill/kill/refill 500K) 0.3029 s
[23:53:29.498 I] 
[23:53:29.972 I] Menu[scripts/omw/console/menu.lua]:	3. string churn (1M)                     0.4085 s
[23:53:29.972 I] 
[23:53:30.187 I] Menu[scripts/omw/console/menu.lua]:	4. simulated game frames (1000 x 200 events) 0.2052 s
[23:53:30.187 I] 
[23:53:30.193 I] Menu[scripts/omw/console/menu.lua]:	1. small ephemeral tables (2M)           0.0005 s
[23:53:30.193 I] 
[23:53:30.490 I] Menu[scripts/omw/console/menu.lua]:	2. fragmentation (fill/kill/refill 500K) 0.2951 s
[23:53:30.490 I] 
[23:53:30.990 I] Menu[scripts/omw/console/menu.lua]:	3. string churn (1M)                     0.4340 s
[23:53:30.990 I] 
[23:53:31.206 I] Menu[scripts/omw/console/menu.lua]:	4. simulated game frames (1000 x 200 events) 0.2052 s
[23:53:31.206 I] 
[23:53:31.210 I] Menu[scripts/omw/console/menu.lua]:	1. small ephemeral tables (2M)           0.0005 s
[23:53:31.210 I] 
[23:53:31.519 I] Menu[scripts/omw/console/menu.lua]:	2. fragmentation (fill/kill/refill 500K) 0.3065 s
[23:53:31.519 I] 
[23:53:32.000 I] Menu[scripts/omw/console/menu.lua]:	3. string churn (1M)                     0.4154 s
[23:53:32.000 I] 
[23:53:32.215 I] Menu[scripts/omw/console/menu.lua]:	4. simulated game frames (1000 x 200 events) 0.2043 s
[23:53:32.215 I] 
[23:53:32.221 I] Menu[scripts/omw/console/menu.lua]:	1. small ephemeral tables (2M)           0.0005 s
[23:53:32.221 I] 
[23:53:32.521 I] Menu[scripts/omw/console/menu.lua]:	2. fragmentation (fill/kill/refill 500K) 0.2987 s
[23:53:32.521 I] 
[23:53:32.996 I] Menu[scripts/omw/console/menu.lua]:	3. string churn (1M)                     0.4079 s
[23:53:32.996 I] 
[23:53:33.214 I] Menu[scripts/omw/console/menu.lua]:	4. simulated game frames (1000 x 200 events) 0.2070 s
[23:53:33.214 I] 
[23:53:37.297 I] Saving shader settings file: /home/s3kshun8/.config/openmw/Morrowind/../Modding/../sw0rdsinger/settings/shaders.yaml
[23:53:37.319 I] Saving Lua storage "/home/s3kshun8/.config/openmw/Morrowind/../Modding/../sw0rdsinger/settings/player_storage.bin" (605383 bytes)
[23:53:37.507 I] Saved input bindings: /home/s3kshun8/.config/openmw/Morrowind/../Modding/../sw0rdsinger/settings/input_v3.xml
[23:53:37.559 I] Quitting peacefully.
